hypothesis,contrast_id,metric,target_style,treatment_predictor,control_predictor,treatment_policy,control_policy,ego_init_id,treatment_value,control_value,treatment_minus_control,pair_complete,missing_reason
H4,H4_B1_assertive_adaptive_minus_fixed_aggressive,ego_route_completion_duration_s,assertive,B1,B1,adaptive,fixed_aggressive,101,11.65,10.75,0.9000000000000004,1,
H4,H4_B1_assertive_adaptive_minus_fixed_aggressive,ego_route_completion_duration_s,assertive,B1,B1,adaptive,fixed_aggressive,102,11.2,9.5,1.6999999999999993,1,
H4,H4_B1_assertive_adaptive_minus_fixed_aggressive,ego_route_completion_duration_s,assertive,B1,B1,adaptive,fixed_aggressive,103,9.95,9.95,0.0,1,
H4,H4_B1_assertive_adaptive_minus_fixed_aggressive,ego_route_completion_duration_s,assertive,B1,B1,adaptive,fixed_aggressive,104,9.55,9.55,0.0,1,
H4,H4_B1_assertive_adaptive_minus_fixed_aggressive,ego_route_completion_duration_s,assertive,B1,B1,adaptive,fixed_aggressive,105,10.35,10.3,0.049999999999998934,1,
H4,H4_B1_assertive_adaptive_minus_fixed_aggressive,minimum_footprint_separation_m,assertive,B1,B1,adaptive,fixed_aggressive,101,1.0895559372353625,1.0589627767685792,0.030593160466783287,1,
H4,H4_B1_assertive_adaptive_minus_fixed_aggressive,minimum_footprint_separation_m,assertive,B1,B1,adaptive,fixed_aggressive,102,1.438140410591842,1.4656983874216671,-0.02755797682982508,1,
H4,H4_B1_assertive_adaptive_minus_fixed_aggressive,minimum_footprint_separation_m,assertive,B1,B1,adaptive,fixed_aggressive,103,0.9392305343567177,0.9391797335998439,5.0800756873803365e-05,1,
H4,H4_B1_assertive_adaptive_minus_fixed_aggressive,minimum_footprint_separation_m,assertive,B1,B1,adaptive,fixed_aggressive,104,1.076234765836552,1.1147829227729373,-0.03854815693638525,1,
H4,H4_B1_assertive_adaptive_minus_fixed_aggressive,minimum_footprint_separation_m,assertive,B1,B1,adaptive,fixed_aggressive,105,1.4548344351792313,1.494803720594744,-0.0399692854155127,1,
H4,H4_B1_assertive_adaptive_minus_fixed_medium,ego_route_completion_duration_s,assertive,B1,B1,adaptive,fixed_medium,101,11.65,12.05,-0.40000000000000036,1,
H4,H4_B1_assertive_adaptive_minus_fixed_medium,ego_route_completion_duration_s,assertive,B1,B1,adaptive,fixed_medium,102,11.2,11.1,0.09999999999999964,1,
H4,H4_B1_assertive_adaptive_minus_fixed_medium,ego_route_completion_duration_s,assertive,B1,B1,adaptive,fixed_medium,103,9.95,11.8,-1.8500000000000014,1,
H4,H4_B1_assertive_adaptive_minus_fixed_medium,ego_route_completion_duration_s,assertive,B1,B1,adaptive,fixed_medium,104,9.55,9.5,0.05000000000000071,1,
H4,H4_B1_assertive_adaptive_minus_fixed_medium,ego_route_completion_duration_s,assertive,B1,B1,adaptive,fixed_medium,105,10.35,10.45,-0.09999999999999964,1,
H4,H4_B1_assertive_adaptive_minus_fixed_medium,minimum_footprint_separation_m,assertive,B1,B1,adaptive,fixed_medium,101,1.0895559372353625,1.0771747083579302,0.012381228877432315,1,
H4,H4_B1_assertive_adaptive_minus_fixed_medium,minimum_footprint_separation_m,assertive,B1,B1,adaptive,fixed_medium,102,1.438140410591842,1.465618346859131,-0.027477936267289005,1,
H4,H4_B1_assertive_adaptive_minus_fixed_medium,minimum_footprint_separation_m,assertive,B1,B1,adaptive,fixed_medium,103,0.9392305343567177,0.9392529083570217,-2.2374000304026254e-05,1,
H4,H4_B1_assertive_adaptive_minus_fixed_medium,minimum_footprint_separation_m,assertive,B1,B1,adaptive,fixed_medium,104,1.076234765836552,1.0763115691365257,-7.680329997361568e-05,1,
H4,H4_B1_assertive_adaptive_minus_fixed_medium,minimum_footprint_separation_m,assertive,B1,B1,adaptive,fixed_medium,105,1.4548344351792313,1.4411214627375482,0.013712972441683124,1,
H4,H4_B1_assertive_adaptive_minus_fixed_conservative,ego_route_completion_duration_s,assertive,B1,B1,adaptive,fixed_conservative,101,11.65,10.35,1.3000000000000007,1,
H4,H4_B1_assertive_adaptive_minus_fixed_conservative,ego_route_completion_duration_s,assertive,B1,B1,adaptive,fixed_conservative,102,11.2,10.2,1.0,1,
H4,H4_B1_assertive_adaptive_minus_fixed_conservative,ego_route_completion_duration_s,assertive,B1,B1,adaptive,fixed_conservative,103,9.95,10.05,-0.10000000000000142,1,
H4,H4_B1_assertive_adaptive_minus_fixed_conservative,ego_route_completion_duration_s,assertive,B1,B1,adaptive,fixed_conservative,104,9.55,9.5,0.05000000000000071,1,
H4,H4_B1_assertive_adaptive_minus_fixed_conservative,ego_route_completion_duration_s,assertive,B1,B1,adaptive,fixed_conservative,105,10.35,10.4,-0.05000000000000071,1,
H4,H4_B1_assertive_adaptive_minus_fixed_conservative,minimum_footprint_separation_m,assertive,B1,B1,adaptive,fixed_conservative,101,1.0895559372353625,1.0954970766015988,-0.005941139366236303,1,
H4,H4_B1_assertive_adaptive_minus_fixed_conservative,minimum_footprint_separation_m,assertive,B1,B1,adaptive,fixed_conservative,102,1.438140410591842,1.4658180740418263,-0.027677663449984236,1,
H4,H4_B1_assertive_adaptive_minus_fixed_conservative,minimum_footprint_separation_m,assertive,B1,B1,adaptive,fixed_conservative,103,0.9392305343567177,0.923569289487086,0.015661244869631608,1,
H4,H4_B1_assertive_adaptive_minus_fixed_conservative,minimum_footprint_separation_m,assertive,B1,B1,adaptive,fixed_conservative,104,1.076234765836552,1.0765946062269929,-0.00035984039044079097,1,
H4,H4_B1_assertive_adaptive_minus_fixed_conservative,minimum_footprint_separation_m,assertive,B1,B1,adaptive,fixed_conservative,105,1.4548344351792313,1.4528595318400852,0.0019749033391460724,1,
H4,H4_B1_reactive_adaptive_minus_fixed_aggressive,ego_route_completion_duration_s,reactive,B1,B1,adaptive,fixed_aggressive,101,11.35,11.4,-0.05000000000000071,1,
H4,H4_B1_reactive_adaptive_minus_fixed_aggressive,ego_route_completion_duration_s,reactive,B1,B1,adaptive,fixed_aggressive,102,11.65,11.45,0.20000000000000107,1,
H4,H4_B1_reactive_adaptive_minus_fixed_aggressive,ego_route_completion_duration_s,reactive,B1,B1,adaptive,fixed_aggressive,103,10.3,11.1,-0.7999999999999989,1,
H4,H4_B1_reactive_adaptive_minus_fixed_aggressive,ego_route_completion_duration_s,reactive,B1,B1,adaptive,fixed_aggressive,104,10.0,10.1,-0.09999999999999964,1,
H4,H4_B1_reactive_adaptive_minus_fixed_aggressive,ego_route_completion_duration_s,reactive,B1,B1,adaptive,fixed_aggressive,105,11.0,10.95,0.05000000000000071,1,
H4,H4_B1_reactive_adaptive_minus_fixed_aggressive,minimum_footprint_separation_m,reactive,B1,B1,adaptive,fixed_aggressive,101,1.0583218569746329,1.058610443586742,-0.00028858661210917624,1,
H4,H4_B1_reactive_adaptive_minus_fixed_aggressive,minimum_footprint_separation_m,reactive,B1,B1,adaptive,fixed_aggressive,102,1.390668590201789,1.3887785086152737,0.0018900815865152687,1,
H4,H4_B1_reactive_adaptive_minus_fixed_aggressive,minimum_footprint_separation_m,reactive,B1,B1,adaptive,fixed_aggressive,103,0.9353615953693959,0.935701787420272,-0.00034019205087609805,1,
H4,H4_B1_reactive_adaptive_minus_fixed_aggressive,minimum_footprint_separation_m,reactive,B1,B1,adaptive,fixed_aggressive,104,0.9934583219388524,0.9937182135446642,-0.0002598916058117462,1,
H4,H4_B1_reactive_adaptive_minus_fixed_aggressive,minimum_footprint_separation_m,reactive,B1,B1,adaptive,fixed_aggressive,105,1.2848230738463107,1.2832253252090595,0.0015977486372511507,1,
H4,H4_B1_reactive_adaptive_minus_fixed_medium,ego_route_completion_duration_s,reactive,B1,B1,adaptive,fixed_medium,101,11.35,11.4,-0.05000000000000071,1,
H4,H4_B1_reactive_adaptive_minus_fixed_medium,ego_route_completion_duration_s,reactive,B1,B1,adaptive,fixed_medium,102,11.65,11.4,0.25,1,
H4,H4_B1_reactive_adaptive_minus_fixed_medium,ego_route_completion_duration_s,reactive,B1,B1,adaptive,fixed_medium,103,10.3,11.15,-0.8499999999999996,1,
H4,H4_B1_reactive_adaptive_minus_fixed_medium,ego_route_completion_duration_s,reactive,B1,B1,adaptive,fixed_medium,104,10.0,10.05,-0.05000000000000071,1,
H4,H4_B1_reactive_adaptive_minus_fixed_medium,ego_route_completion_duration_s,reactive,B1,B1,adaptive,fixed_medium,105,11.0,11.0,0.0,1,
H4,H4_B1_reactive_adaptive_minus_fixed_medium,minimum_footprint_separation_m,reactive,B1,B1,adaptive,fixed_medium,101,1.0583218569746329,1.0591749273676274,-0.0008530703929945371,1,
H4,H4_B1_reactive_adaptive_minus_fixed_medium,minimum_footprint_separation_m,reactive,B1,B1,adaptive,fixed_medium,102,1.390668590201789,1.387876490752546,0.0027920994492429685,1,
H4,H4_B1_reactive_adaptive_minus_fixed_medium,minimum_footprint_separation_m,reactive,B1,B1,adaptive,fixed_medium,103,0.9353615953693959,0.9357392046620323,-0.00037760929263641607,1,
H4,H4_B1_reactive_adaptive_minus_fixed_medium,minimum_footprint_separation_m,reactive,B1,B1,adaptive,fixed_medium,104,0.9934583219388524,0.9938269991418124,-0.0003686772029599661,1,
H4,H4_B1_reactive_adaptive_minus_fixed_medium,minimum_footprint_separation_m,reactive,B1,B1,adaptive,fixed_medium,105,1.2848230738463107,1.283027606715174,0.0017954671311366521,1,
H4,H4_B1_reactive_adaptive_minus_fixed_conservative,ego_route_completion_duration_s,reactive,B1,B1,adaptive,fixed_conservative,101,11.35,12.5,-1.1500000000000004,1,
H4,H4_B1_reactive_adaptive_minus_fixed_conservative,ego_route_completion_duration_s,reactive,B1,B1,adaptive,fixed_conservative,102,11.65,11.25,0.40000000000000036,1,
H4,H4_B1_reactive_adaptive_minus_fixed_conservative,ego_route_completion_duration_s,reactive,B1,B1,adaptive,fixed_conservative,103,10.3,11.05,-0.75,1,
H4,H4_B1_reactive_adaptive_minus_fixed_conservative,ego_route_completion_duration_s,reactive,B1,B1,adaptive,fixed_conservative,104,10.0,10.1,-0.09999999999999964,1,
H4,H4_B1_reactive_adaptive_minus_fixed_conservative,ego_route_completion_duration_s,reactive,B1,B1,adaptive,fixed_conservative,105,11.0,11.5,-0.5,1,
H4,H4_B1_reactive_adaptive_minus_fixed_conservative,minimum_footprint_separation_m,reactive,B1,B1,adaptive,fixed_conservative,101,1.0583218569746329,1.0591596726315995,-0.0008378156569666118,1,
H4,H4_B1_reactive_adaptive_minus_fixed_conservative,minimum_footprint_separation_m,reactive,B1,B1,adaptive,fixed_conservative,102,1.390668590201789,1.3703676280711703,0.020300962130618716,1,
H4,H4_B1_reactive_adaptive_minus_fixed_conservative,minimum_footprint_separation_m,reactive,B1,B1,adaptive,fixed_conservative,103,0.9353615953693959,0.9493650294162448,-0.014003434046848895,1,
H4,H4_B1_reactive_adaptive_minus_fixed_conservative,minimum_footprint_separation_m,reactive,B1,B1,adaptive,fixed_conservative,104,0.9934583219388524,1.012346382513035,-0.018888060574182575,1,
H4,H4_B1_reactive_adaptive_minus_fixed_conservative,minimum_footprint_separation_m,reactive,B1,B1,adaptive,fixed_conservative,105,1.2848230738463107,1.2806742692279822,0.00414880461832845,1,
H4,H4_B0_assertive_adaptive_minus_fixed_aggressive,ego_route_completion_duration_s,assertive,B0,B0,adaptive,fixed_aggressive,101,10.85,11.45,-0.5999999999999996,1,
H4,H4_B0_assertive_adaptive_minus_fixed_aggressive,ego_route_completion_duration_s,assertive,B0,B0,adaptive,fixed_aggressive,102,10.6,10.75,-0.15000000000000036,1,
H4,H4_B0_assertive_adaptive_minus_fixed_aggressive,ego_route_completion_duration_s,assertive,B0,B0,adaptive,fixed_aggressive,103,9.95,11.85,-1.9000000000000004,1,
H4,H4_B0_assertive_adaptive_minus_fixed_aggressive,ego_route_completion_duration_s,assertive,B0,B0,adaptive,fixed_aggressive,104,9.5,9.55,-0.05000000000000071,1,
H4,H4_B0_assertive_adaptive_minus_fixed_aggressive,ego_route_completion_duration_s,assertive,B0,B0,adaptive,fixed_aggressive,105,10.6,10.4,0.1999999999999993,1,
H4,H4_B0_assertive_adaptive_minus_fixed_aggressive,minimum_footprint_separation_m,assertive,B0,B0,adaptive,fixed_aggressive,101,1.0895944700371958,1.0589098393836616,0.030684630653534217,1,
H4,H4_B0_assertive_adaptive_minus_fixed_aggressive,minimum_footprint_separation_m,assertive,B0,B0,adaptive,fixed_aggressive,102,1.465869709627892,1.4852721379756382,-0.01940242834774608,1,
H4,H4_B0_assertive_adaptive_minus_fixed_aggressive,minimum_footprint_separation_m,assertive,B0,B0,adaptive,fixed_aggressive,103,0.9456017515624402,0.9392626739434746,0.006339077618965572,1,
H4,H4_B0_assertive_adaptive_minus_fixed_aggressive,minimum_footprint_separation_m,assertive,B0,B0,adaptive,fixed_aggressive,104,1.0762366966380816,1.110567951938544,-0.03433125530046244,1,
H4,H4_B0_assertive_adaptive_minus_fixed_aggressive,minimum_footprint_separation_m,assertive,B0,B0,adaptive,fixed_aggressive,105,1.4539892061837127,1.4530598027295798,0.0009294034541329488,1,
H4,H4_B0_assertive_adaptive_minus_fixed_medium,ego_route_completion_duration_s,assertive,B0,B0,adaptive,fixed_medium,101,10.85,11.75,-0.9000000000000004,1,
H4,H4_B0_assertive_adaptive_minus_fixed_medium,ego_route_completion_duration_s,assertive,B0,B0,adaptive,fixed_medium,102,10.6,12.25,-1.6500000000000004,1,
H4,H4_B0_assertive_adaptive_minus_fixed_medium,ego_route_completion_duration_s,assertive,B0,B0,adaptive,fixed_medium,103,9.95,9.95,0.0,1,
H4,H4_B0_assertive_adaptive_minus_fixed_medium,ego_route_completion_duration_s,assertive,B0,B0,adaptive,fixed_medium,104,9.5,9.5,0.0,1,
H4,H4_B0_assertive_adaptive_minus_fixed_medium,ego_route_completion_duration_s,assertive,B0,B0,adaptive,fixed_medium,105,10.6,10.3,0.29999999999999893,1,
H4,H4_B0_assertive_adaptive_minus_fixed_medium,minimum_footprint_separation_m,assertive,B0,B0,adaptive,fixed_medium,101,1.0895944700371958,1.0589882596114186,0.03060621042577716,1,
H4,H4_B0_assertive_adaptive_minus_fixed_medium,minimum_footprint_separation_m,assertive,B0,B0,adaptive,fixed_medium,102,1.465869709627892,1.4657820123273775,8.769730051461089e-05,1,
H4,H4_B0_assertive_adaptive_minus_fixed_medium,minimum_footprint_separation_m,assertive,B0,B0,adaptive,fixed_medium,103,0.9456017515624402,0.9392275094131833,0.006374242149256859,1,
H4,H4_B0_assertive_adaptive_minus_fixed_medium,minimum_footprint_separation_m,assertive,B0,B0,adaptive,fixed_medium,104,1.0762366966380816,1.0765416095269598,-0.0003049128888781283,1,
H4,H4_B0_assertive_adaptive_minus_fixed_medium,minimum_footprint_separation_m,assertive,B0,B0,adaptive,fixed_medium,105,1.4539892061837127,1.422805175037891,0.0311840311458218,1,
H4,H4_B0_assertive_adaptive_minus_fixed_conservative,ego_route_completion_duration_s,assertive,B0,B0,adaptive,fixed_conservative,101,10.85,11.15,-0.3000000000000007,1,
H4,H4_B0_assertive_adaptive_minus_fixed_conservative,ego_route_completion_duration_s,assertive,B0,B0,adaptive,fixed_conservative,102,10.6,12.2,-1.5999999999999996,1,
H4,H4_B0_assertive_adaptive_minus_fixed_conservative,ego_route_completion_duration_s,assertive,B0,B0,adaptive,fixed_conservative,103,9.95,10.0,-0.05000000000000071,1,
H4,H4_B0_assertive_adaptive_minus_fixed_conservative,ego_route_completion_duration_s,assertive,B0,B0,adaptive,fixed_conservative,104,9.5,9.55,-0.05000000000000071,1,
H4,H4_B0_assertive_adaptive_minus_fixed_conservative,ego_route_completion_duration_s,assertive,B0,B0,adaptive,fixed_conservative,105,10.6,10.2,0.40000000000000036,1,
H4,H4_B0_assertive_adaptive_minus_fixed_conservative,minimum_footprint_separation_m,assertive,B0,B0,adaptive,fixed_conservative,101,1.0895944700371958,1.218095255715237,-0.12850078567804113,1,
H4,H4_B0_assertive_adaptive_minus_fixed_conservative,minimum_footprint_separation_m,assertive,B0,B0,adaptive,fixed_conservative,102,1.465869709627892,1.465777247092736,9.246253515615699e-05,1,
H4,H4_B0_assertive_adaptive_minus_fixed_conservative,minimum_footprint_separation_m,assertive,B0,B0,adaptive,fixed_conservative,103,0.9456017515624402,0.9323814201089295,0.013220331453510648,1,
H4,H4_B0_assertive_adaptive_minus_fixed_conservative,minimum_footprint_separation_m,assertive,B0,B0,adaptive,fixed_conservative,104,1.0762366966380816,1.0762462393557746,-9.542717692934133e-06,1,
H4,H4_B0_assertive_adaptive_minus_fixed_conservative,minimum_footprint_separation_m,assertive,B0,B0,adaptive,fixed_conservative,105,1.4539892061837127,1.45283701452237,0.0011521916613428385,1,
H4,H4_B0_reactive_adaptive_minus_fixed_aggressive,ego_route_completion_duration_s,reactive,B0,B0,adaptive,fixed_aggressive,101,11.35,11.5,-0.15000000000000036,1,
H4,H4_B0_reactive_adaptive_minus_fixed_aggressive,ego_route_completion_duration_s,reactive,B0,B0,adaptive,fixed_aggressive,102,10.8,11.2,-0.3999999999999986,1,
H4,H4_B0_reactive_adaptive_minus_fixed_aggressive,ego_route_completion_duration_s,reactive,B0,B0,adaptive,fixed_aggressive,103,11.1,11.2,-0.09999999999999964,1,
H4,H4_B0_reactive_adaptive_minus_fixed_aggressive,ego_route_completion_duration_s,reactive,B0,B0,adaptive,fixed_aggressive,104,10.2,10.15,0.049999999999998934,1,
H4,H4_B0_reactive_adaptive_minus_fixed_aggressive,ego_route_completion_duration_s,reactive,B0,B0,adaptive,fixed_aggressive,105,11.75,11.0,0.75,1,
H4,H4_B0_reactive_adaptive_minus_fixed_aggressive,minimum_footprint_separation_m,reactive,B0,B0,adaptive,fixed_aggressive,101,1.0582930901555025,1.0603437311107076,-0.0020506409552050187,1,
H4,H4_B0_reactive_adaptive_minus_fixed_aggressive,minimum_footprint_separation_m,reactive,B0,B0,adaptive,fixed_aggressive,102,1.3506695880419928,1.4401012059313532,-0.08943161788936038,1,
H4,H4_B0_reactive_adaptive_minus_fixed_aggressive,minimum_footprint_separation_m,reactive,B0,B0,adaptive,fixed_aggressive,103,0.9577103988245683,0.9356089765936154,0.022101422230952905,1,
H4,H4_B0_reactive_adaptive_minus_fixed_aggressive,minimum_footprint_separation_m,reactive,B0,B0,adaptive,fixed_aggressive,104,0.9934258361240389,0.9936823788677509,-0.00025654274371200714,1,
H4,H4_B0_reactive_adaptive_minus_fixed_aggressive,minimum_footprint_separation_m,reactive,B0,B0,adaptive,fixed_aggressive,105,1.2993527941515992,1.283288739590641,0.016064054560958274,1,
H4,H4_B0_reactive_adaptive_minus_fixed_medium,ego_route_completion_duration_s,reactive,B0,B0,adaptive,fixed_medium,101,11.35,11.95,-0.5999999999999996,1,
H4,H4_B0_reactive_adaptive_minus_fixed_medium,ego_route_completion_duration_s,reactive,B0,B0,adaptive,fixed_medium,102,10.8,11.5,-0.6999999999999993,1,
H4,H4_B0_reactive_adaptive_minus_fixed_medium,ego_route_completion_duration_s,reactive,B0,B0,adaptive,fixed_medium,103,11.1,11.1,0.0,1,
H4,H4_B0_reactive_adaptive_minus_fixed_medium,ego_route_completion_duration_s,reactive,B0,B0,adaptive,fixed_medium,104,10.2,10.1,0.09999999999999964,1,
H4,H4_B0_reactive_adaptive_minus_fixed_medium,ego_route_completion_duration_s,reactive,B0,B0,adaptive,fixed_medium,105,11.75,11.45,0.3000000000000007,1,
H4,H4_B0_reactive_adaptive_minus_fixed_medium,minimum_footprint_separation_m,reactive,B0,B0,adaptive,fixed_medium,101,1.0582930901555025,1.0956823307787336,-0.03738924062323101,1,
H4,H4_B0_reactive_adaptive_minus_fixed_medium,minimum_footprint_separation_m,reactive,B0,B0,adaptive,fixed_medium,102,1.3506695880419928,1.384392415843489,-0.03372282780149627,1,
H4,H4_B0_reactive_adaptive_minus_fixed_medium,minimum_footprint_separation_m,reactive,B0,B0,adaptive,fixed_medium,103,0.9577103988245683,0.9356233248510477,0.02208707397352061,1,
H4,H4_B0_reactive_adaptive_minus_fixed_medium,minimum_footprint_separation_m,reactive,B0,B0,adaptive,fixed_medium,104,0.9934258361240389,1.0027805336334612,-0.009354697509422305,1,
H4,H4_B0_reactive_adaptive_minus_fixed_medium,minimum_footprint_separation_m,reactive,B0,B0,adaptive,fixed_medium,105,1.2993527941515992,1.2831767507939384,0.016176043357660763,1,
H4,H4_B0_reactive_adaptive_minus_fixed_conservative,ego_route_completion_duration_s,reactive,B0,B0,adaptive,fixed_conservative,101,11.35,11.2,0.15000000000000036,1,
H4,H4_B0_reactive_adaptive_minus_fixed_conservative,ego_route_completion_duration_s,reactive,B0,B0,adaptive,fixed_conservative,102,10.8,11.4,-0.5999999999999996,1,
H4,H4_B0_reactive_adaptive_minus_fixed_conservative,ego_route_completion_duration_s,reactive,B0,B0,adaptive,fixed_conservative,103,11.1,10.25,0.8499999999999996,1,
H4,H4_B0_reactive_adaptive_minus_fixed_conservative,ego_route_completion_duration_s,reactive,B0,B0,adaptive,fixed_conservative,104,10.2,10.2,0.0,1,
H4,H4_B0_reactive_adaptive_minus_fixed_conservative,ego_route_completion_duration_s,reactive,B0,B0,adaptive,fixed_conservative,105,11.75,10.9,0.8499999999999996,1,
H4,H4_B0_reactive_adaptive_minus_fixed_conservative,minimum_footprint_separation_m,reactive,B0,B0,adaptive,fixed_conservative,101,1.0582930901555025,1.0589516080341448,-0.0006585178786422397,1,
H4,H4_B0_reactive_adaptive_minus_fixed_conservative,minimum_footprint_separation_m,reactive,B0,B0,adaptive,fixed_conservative,102,1.3506695880419928,1.3898464054492718,-0.039176817407279074,1,
H4,H4_B0_reactive_adaptive_minus_fixed_conservative,minimum_footprint_separation_m,reactive,B0,B0,adaptive,fixed_conservative,103,0.9577103988245683,0.9356249667055797,0.022085432118988613,1,
H4,H4_B0_reactive_adaptive_minus_fixed_conservative,minimum_footprint_separation_m,reactive,B0,B0,adaptive,fixed_conservative,104,0.9934258361240389,1.0325218367544158,-0.03909600063037688,1,
H4,H4_B0_reactive_adaptive_minus_fixed_conservative,minimum_footprint_separation_m,reactive,B0,B0,adaptive,fixed_conservative,105,1.2993527941515992,1.2829505809286343,0.016402213222964868,1,
