contrast_family,inference_scope,contrast,metric,a_label,b_label,condition_pairs,independent_init_groups,mean_delta_a_minus_b,median_delta_a_minus_b,sd_delta,bootstrap_95ci_low,bootstrap_95ci_high,exact_init_cluster_sign_flip_p,positive_pairs,negative_pairs,zero_pairs,holm_adjusted_p_within_scope
predictor_within_risk,predictor_within_risk_pooled_primary,B1_minus_B0__fixed_aggressive__pooled,target_clearance_adjusted_completion_delay_s,B1,B0,10,5,-0.30500000454485415,-0.10000000149011612,0.4935416300502749,-0.6900000102818012,-0.05500000081956387,0.0625,1,8,1,1.0
predictor_within_risk,predictor_within_risk_pooled_primary,B1_minus_B0__fixed_aggressive__pooled,min_footprint_separation_m,B1,B0,10,5,-0.03942250067090978,0.0003876908647991728,0.10492021767716053,-0.11645614030679494,0.003966015181600469,0.5,5,5,0,1.0
predictor_within_risk,predictor_within_risk_pooled_primary,B1_minus_B0__fixed_aggressive__pooled,solver_failure_fraction,B1,B0,10,5,8.946759075460757e-05,2.223983572620554e-05,0.00018850474796325073,8.895934290482216e-06,0.00024015268281562044,0.125,6,1,3,1.0
predictor_within_risk,predictor_within_risk_pooled_primary,B1_minus_B0__fixed_aggressive__pooled,supervisor_active_fraction,B1,B0,10,5,0.003994641276989891,0.0014565183766960532,0.005961963987577175,0.0006990967290019578,0.008211687128639613,0.0625,8,1,1,1.0
predictor_within_risk,predictor_within_risk_style_descriptive,B1_minus_B0__fixed_aggressive__assertive,target_clearance_adjusted_completion_delay_s,B1,B0,5,5,-0.14000000208616256,-0.10000000149011612,0.18506755799093894,-0.31000000461935995,-0.010000000149011612,0.125,1,4,0,1.0
predictor_within_risk,predictor_within_risk_style_descriptive,B1_minus_B0__fixed_aggressive__assertive,min_footprint_separation_m,B1,B0,5,5,-0.035051273417287664,-0.02747575781989342,0.04749979170502225,-0.07237533287112993,0.002272786036554608,0.25,2,3,0,1.0
predictor_within_risk,predictor_within_risk_style_descriptive,B1_minus_B0__fixed_aggressive__assertive,solver_failure_fraction,B1,B0,5,5,4.3845073253083285e-05,2.391200382592055e-05,7.742392347074278e-05,-5.360571603960258e-06,0.0001136218389256963,0.375,3,1,1,1.0
predictor_within_risk,predictor_within_risk_style_descriptive,B1_minus_B0__fixed_aggressive__assertive,supervisor_active_fraction,B1,B0,5,5,0.0015861796993819788,0.0013874837404249107,0.0021246440542637326,0.00013708304840876485,0.0034659236536149995,0.1875,4,1,0,1.0
predictor_within_risk,predictor_within_risk_style_descriptive,B1_minus_B0__fixed_aggressive__reactive,target_clearance_adjusted_completion_delay_s,B1,B0,5,5,-0.47000000700354577,-0.15000000223517418,0.6676451252607072,-1.0700000159442424,-0.05000000074505806,0.125,0,4,1,1.0
predictor_within_risk,predictor_within_risk_style_descriptive,B1_minus_B0__fixed_aggressive__reactive,min_footprint_separation_m,B1,B0,5,5,-0.043793727924531886,0.005970569733273257,0.14988184644220146,-0.18121729863499786,0.046244813745355676,0.9375,3,2,0,1.0
predictor_within_risk,predictor_within_risk_style_descriptive,B1_minus_B0__fixed_aggressive__reactive,solver_failure_fraction,B1,B0,5,5,0.00013509010825613188,2.056766762649053e-05,0.0002622090593915547,4.1135335252981065e-06,0.0003720084926293367,0.25,3,0,2,1.0
predictor_within_risk,predictor_within_risk_style_descriptive,B1_minus_B0__fixed_aggressive__reactive,supervisor_active_fraction,B1,B0,5,5,0.006403102854597803,0.0020398200774085495,0.0078077174988131996,0.0006959113622525881,0.012841090784787245,0.125,4,0,1,1.0
predictor_within_risk,predictor_within_risk_pooled_primary,B1_minus_B0__fixed_medium__pooled,target_clearance_adjusted_completion_delay_s,B1,B0,10,5,0.29500000439584256,0.02500000037252903,1.1531237939061127,-0.18500000275671483,0.8350000124424695,0.5,5,4,1,1.0
predictor_within_risk,predictor_within_risk_pooled_primary,B1_minus_B0__fixed_medium__pooled,min_footprint_separation_m,B1,B0,10,5,-0.041156100290423395,-0.005036966787850261,0.10025730431992917,-0.11597715833278344,0.005889203576377544,0.3125,4,6,0,1.0
predictor_within_risk,predictor_within_risk_pooled_primary,B1_minus_B0__fixed_medium__pooled,solver_failure_fraction,B1,B0,10,5,-0.000685974065086952,-3.6484960176302005e-05,0.0015808866201033728,-0.001564089619771424,-0.00014938314551598224,0.125,2,6,2,1.0
predictor_within_risk,predictor_within_risk_pooled_primary,B1_minus_B0__fixed_medium__pooled,supervisor_active_fraction,B1,B0,10,5,-0.00204585855090265,-0.0003189792663476909,0.016221295412268473,-0.009325617438145691,0.004781788841139753,0.625,4,5,1,1.0
predictor_within_risk,predictor_within_risk_style_descriptive,B1_minus_B0__fixed_medium__assertive,target_clearance_adjusted_completion_delay_s,B1,B0,5,5,0.6400000095367432,0.05000000074505806,1.2147016275502915,-0.27000000402331353,1.6400000244379043,0.4375,3,2,0,1.0
predictor_within_risk,predictor_within_risk_style_descriptive,B1_minus_B0__fixed_medium__assertive,min_footprint_separation_m,B1,B0,5,5,-0.07003563941301479,-0.011571547637681867,0.13975802533557483,-0.19215434890818525,0.010778850305097976,0.3125,1,4,0,1.0
predictor_within_risk,predictor_within_risk_style_descriptive,B1_minus_B0__fixed_medium__assertive,solver_failure_fraction,B1,B0,5,5,-0.0014078642749750267,-0.0009183673469387752,0.002034508136312652,-0.003193733952795394,-0.00019278716271197444,0.125,0,4,1,1.0
predictor_within_risk,predictor_within_risk_style_descriptive,B1_minus_B0__fixed_medium__assertive,supervisor_active_fraction,B1,B0,5,5,-0.006546753381293485,-0.0006379585326953818,0.015923080271936944,-0.01942842525544656,0.005437604884038228,0.4375,2,3,0,1.0
predictor_within_risk,predictor_within_risk_style_descriptive,B1_minus_B0__fixed_medium__reactive,target_clearance_adjusted_completion_delay_s,B1,B0,5,5,-0.05000000074505806,0.0,1.1039701247414173,-0.9600000143051147,0.8300000123679638,0.75,2,2,1,1.0
predictor_within_risk,predictor_within_risk_style_descriptive,B1_minus_B0__fixed_medium__reactive,min_footprint_separation_m,B1,B0,5,5,-0.012276561167832,1.716196462142605e-05,0.03160001282974588,-0.04071365472423083,0.00295508911867548,0.875,3,2,0,1.0
predictor_within_risk,predictor_within_risk_style_descriptive,B1_minus_B0__fixed_medium__reactive,solver_failure_fraction,B1,B0,5,5,3.5916144801122725e-05,0.0,0.00042563904085057445,-0.00030577786263523996,0.0004058208649313385,0.75,2,2,1,1.0
predictor_within_risk,predictor_within_risk_style_descriptive,B1_minus_B0__fixed_medium__reactive,supervisor_active_fraction,B1,B0,5,5,0.0024550362794881846,0.0,0.01696625577094251,-0.010295365969090819,0.017450297192047548,0.75,2,2,1,1.0
predictor_within_risk,predictor_within_risk_pooled_primary,B1_minus_B0__fixed_conservative__pooled,target_clearance_adjusted_completion_delay_s,B1,B0,10,5,0.0900000013411045,-0.02500000037252903,1.156575421895278,-0.5300000078976155,0.6800000101327897,0.9375,4,5,1,1.0
predictor_within_risk,predictor_within_risk_pooled_primary,B1_minus_B0__fixed_conservative__pooled,min_footprint_separation_m,B1,B0,10,5,-0.09844688055914068,-0.0055816539437014145,0.19123190649937638,-0.21487272273091432,0.011015795576330834,0.375,4,6,0,1.0
predictor_within_risk,predictor_within_risk_pooled_primary,B1_minus_B0__fixed_conservative__pooled,solver_failure_fraction,B1,B0,10,5,-0.0010789874650908005,-2.029097254631438e-05,0.0018445960353660662,-0.002018466913726133,-0.00014200892057187592,0.125,2,5,3,1.0
predictor_within_risk,predictor_within_risk_pooled_primary,B1_minus_B0__fixed_conservative__pooled,supervisor_active_fraction,B1,B0,10,5,-0.0035231758316324165,0.00031223083548664876,0.013277323260093883,-0.010182815721443202,0.0024828391131089173,0.4375,5,4,1,1.0
predictor_within_risk,predictor_within_risk_style_descriptive,B1_minus_B0__fixed_conservative__assertive,target_clearance_adjusted_completion_delay_s,B1,B0,5,5,-0.180000002682209,-0.20000000298023224,0.16046806774997263,-0.30000000447034836,-0.06000000089406967,0.125,0,4,1,1.0
predictor_within_risk,predictor_within_risk_style_descriptive,B1_minus_B0__fixed_conservative__assertive,min_footprint_separation_m,B1,B0,5,5,-0.06069986861564967,0.0005694009517192011,0.15917981982665091,-0.20467885873826389,0.027036692587709864,0.75,3,2,0,1.0
predictor_within_risk,predictor_within_risk_style_descriptive,B1_minus_B0__fixed_conservative__assertive,solver_failure_fraction,B1,B0,5,5,-0.0009186917933300778,0.0,0.002172083680054115,-0.002876720386744444,0.00011203174232699287,1.0,2,1,2,1.0
predictor_within_risk,predictor_within_risk_style_descriptive,B1_minus_B0__fixed_conservative__assertive,supervisor_active_fraction,B1,B0,5,5,0.003394797294945079,0.0030808729139923108,0.0038777380955177464,0.0008215137204712175,0.006692840695497415,0.125,4,0,1,1.0
predictor_within_risk,predictor_within_risk_style_descriptive,B1_minus_B0__fixed_conservative__reactive,target_clearance_adjusted_completion_delay_s,B1,B0,5,5,0.360000005364418,0.10000000149011612,1.6738429088473796,-0.9000000134110451,1.5400000229477881,0.8125,4,1,0,1.0
predictor_within_risk,predictor_within_risk_style_descriptive,B1_minus_B0__fixed_conservative__reactive,min_footprint_separation_m,B1,B0,5,5,-0.1361938925026317,-0.011077255785004403,0.23104412419691361,-0.3481078327205167,-0.00016551984344193027,0.1875,1,4,0,1.0
predictor_within_risk,predictor_within_risk_style_descriptive,B1_minus_B0__fixed_conservative__reactive,solver_failure_fraction,B1,B0,5,5,-0.001239283136851523,-0.0005651482026799923,0.0016951455488181505,-0.002744153367459601,-0.00012926241857304997,0.125,0,4,1,1.0
predictor_within_risk,predictor_within_risk_style_descriptive,B1_minus_B0__fixed_conservative__reactive,supervisor_active_fraction,B1,B0,5,5,-0.010441148958209912,-0.0014203680782419736,0.016185293354053457,-0.02419289693375328,0.0013386336813114741,0.3125,1,4,0,1.0
predictor_within_risk,predictor_within_risk_pooled_primary,B1_minus_B0__adaptive__pooled,target_clearance_adjusted_completion_delay_s,B1,B0,10,5,0.10500000156462193,-0.10000000149011612,0.9725253640613997,-0.36500000543892386,0.7150000106543303,0.8125,4,6,0,1.0
predictor_within_risk,predictor_within_risk_pooled_primary,B1_minus_B0__adaptive__pooled,min_footprint_separation_m,B1,B0,10,5,-0.02115966825609562,0.005689654670011202,0.10512235408715753,-0.0974564730003262,0.024159021401779925,0.9375,6,4,0,1.0
predictor_within_risk,predictor_within_risk_pooled_primary,B1_minus_B0__adaptive__pooled,solver_failure_fraction,B1,B0,10,5,0.00036283939679596186,0.0,0.0014455322141150018,-3.4396457905267774e-05,0.0010131423028453533,0.5,4,4,2,1.0
predictor_within_risk,predictor_within_risk_pooled_primary,B1_minus_B0__adaptive__pooled,supervisor_active_fraction,B1,B0,10,5,-0.0009497975222557325,0.0014008125772831531,0.013274501157555714,-0.00898024279678276,0.005639263404333605,0.8125,6,4,0,1.0
predictor_within_risk,predictor_within_risk_style_descriptive,B1_minus_B0__adaptive__assertive,target_clearance_adjusted_completion_delay_s,B1,B0,5,5,0.29000000432133677,-0.10000000149011612,1.3898741157279808,-0.6400000095367432,1.5500000230967999,0.9375,2,3,0,1.0
predictor_within_risk,predictor_within_risk_style_descriptive,B1_minus_B0__adaptive__assertive,min_footprint_separation_m,B1,B0,5,5,0.004508068493836626,0.0003605115792150171,0.023164815920797395,-0.01358536175111209,0.024832874322210284,0.6875,3,2,0,1.0
predictor_within_risk,predictor_within_risk_style_descriptive,B1_minus_B0__adaptive__assertive,solver_failure_fraction,B1,B0,5,5,-0.00011797102943387413,0.0,0.0005702719559676078,-0.0006355842690868068,0.00027450980392156857,0.875,2,2,1,1.0
predictor_within_risk,predictor_within_risk_style_descriptive,B1_minus_B0__adaptive__assertive,supervisor_active_fraction,B1,B0,5,5,-0.004106181089155991,0.0013874837404249107,0.01833901281901432,-0.020752620717028002,0.007837711705617673,0.9375,3,2,0,1.0
predictor_within_risk,predictor_within_risk_style_descriptive,B1_minus_B0__adaptive__reactive,target_clearance_adjusted_completion_delay_s,B1,B0,5,5,-0.0800000011920929,-0.20000000298023224,0.3327912308048504,-0.3200000047683716,0.20000000298023224,0.625,2,3,0,1.0
predictor_within_risk,predictor_within_risk_style_descriptive,B1_minus_B0__adaptive__reactive,min_footprint_separation_m,B1,B0,5,5,-0.04682740500602787,0.011018797760807386,0.15060015112394107,-0.1815431704396452,0.033553456626906716,0.9375,3,2,0,1.0
predictor_within_risk,predictor_within_risk_style_descriptive,B1_minus_B0__adaptive__reactive,solver_failure_fraction,B1,B0,5,5,0.0008436498230257978,0.0,0.0019489383881765169,-8.086188024011287e-05,0.0025959227276773794,0.75,2,2,1,1.0
predictor_within_risk,predictor_within_risk_style_descriptive,B1_minus_B0__adaptive__reactive,supervisor_active_fraction,B1,B0,5,5,0.0022065860446445263,0.003062405412623509,0.005937303510847035,-0.002339522754869888,0.006852081949650592,0.5625,3,2,0,1.0
adaptive_vs_fixed,adaptive_vs_fixed_pooled_primary,adaptive_minus_fixed_aggressive__B0__pooled,target_clearance_adjusted_completion_delay_s,adaptive,fixed_aggressive,10,5,-0.12500000186264515,-0.10000000149011612,0.9351916164070057,-0.745000011101365,0.3300000049173832,0.875,2,5,3,1.0
adaptive_vs_fixed,adaptive_vs_fixed_pooled_primary,adaptive_minus_fixed_aggressive__B0__pooled,min_footprint_separation_m,adaptive,fixed_aggressive,10,5,-0.010572113739568022,-0.010760568825165462,0.043420249749974243,-0.015244683353141043,-0.005701775990331603,0.0625,4,6,0,1.0
adaptive_vs_fixed,adaptive_vs_fixed_pooled_primary,adaptive_minus_fixed_aggressive__B0__pooled,solver_failure_fraction,adaptive,fixed_aggressive,10,5,4.578165810451336e-05,3.5015844669712866e-05,0.0003823693289991009,-0.00012074856759401376,0.0002834044944329993,0.875,5,2,3,1.0
adaptive_vs_fixed,adaptive_vs_fixed_pooled_primary,adaptive_minus_fixed_aggressive__B0__pooled,supervisor_active_fraction,adaptive,fixed_aggressive,10,5,0.0007283244862175603,0.0013656179421187992,0.013497454918620477,-0.005793424228411973,0.008201209603523002,0.875,5,2,3,1.0
adaptive_vs_fixed,adaptive_vs_fixed_style_descriptive,adaptive_minus_fixed_aggressive__B0__assertive,target_clearance_adjusted_completion_delay_s,adaptive,fixed_aggressive,5,5,-0.11000000163912774,0.0,0.7092249396281608,-0.6600000098347664,0.45000000670552254,1.0,1,2,2,1.0
adaptive_vs_fixed,adaptive_vs_fixed_style_descriptive,adaptive_minus_fixed_aggressive__B0__assertive,min_footprint_separation_m,adaptive,fixed_aggressive,5,5,-0.03875644466846058,-0.03548078397795029,0.02982310577788366,-0.0647797254337303,-0.01890440871650754,0.0625,0,5,0,1.0
adaptive_vs_fixed,adaptive_vs_fixed_style_descriptive,adaptive_minus_fixed_aggressive__B0__assertive,solver_failure_fraction,adaptive,fixed_aggressive,5,5,4.408023387929977e-05,0.0,0.00031412041325872594,-0.0002018719742731394,0.0002758220485581619,1.0,2,1,2,1.0
adaptive_vs_fixed,adaptive_vs_fixed_style_descriptive,adaptive_minus_fixed_aggressive__B0__assertive,supervisor_active_fraction,adaptive,fixed_aggressive,5,5,0.0015982101591198727,0.0,0.009188038595516089,-0.005360962142883524,0.008232001917598203,1.0,2,1,2,1.0
adaptive_vs_fixed,adaptive_vs_fixed_style_descriptive,adaptive_minus_fixed_aggressive__B0__reactive,target_clearance_adjusted_completion_delay_s,adaptive,fixed_aggressive,5,5,-0.14000000208616256,-0.20000000298023224,1.2100619999149014,-1.030000015348196,0.9100000135600567,0.75,1,3,1,1.0
adaptive_vs_fixed,adaptive_vs_fixed_style_descriptive,adaptive_minus_fixed_aggressive__B0__reactive,min_footprint_separation_m,adaptive,fixed_aggressive,5,5,0.01761221718932453,0.004152318116642073,0.03696832138163227,-0.0032682144585900463,0.05139632651534263,0.375,4,1,0,1.0
adaptive_vs_fixed,adaptive_vs_fixed_style_descriptive,adaptive_minus_fixed_aggressive__B0__reactive,solver_failure_fraction,adaptive,fixed_aggressive,5,5,4.7483082329726965e-05,7.003168933942573e-05,0.00047988051879757827,-0.0003689654404313165,0.00039193641057013053,0.75,3,1,1,1.0
adaptive_vs_fixed,adaptive_vs_fixed_style_descriptive,adaptive_minus_fixed_aggressive__B0__reactive,supervisor_active_fraction,adaptive,fixed_aggressive,5,5,-0.00014156118668475214,0.0027312358842375983,0.01798877691612015,-0.01624474255306933,0.011955561439093649,1.0,3,1,1,1.0
adaptive_vs_fixed,adaptive_vs_fixed_pooled_primary,adaptive_minus_fixed_medium__B0__pooled,target_clearance_adjusted_completion_delay_s,adaptive,fixed_medium,10,5,-0.19000000283122062,-0.12500000186264515,0.7294594758924297,-0.37500000558793545,-0.005000000074505806,0.25,4,5,1,1.0
adaptive_vs_fixed,adaptive_vs_fixed_pooled_primary,adaptive_minus_fixed_medium__B0__pooled,min_footprint_separation_m,adaptive,fixed_medium,10,5,-0.016801721874180643,-0.0096564745533958,0.12289939265905499,-0.03364975123788735,-0.0012952437682244966,0.1875,4,6,0,1.0
adaptive_vs_fixed,adaptive_vs_fixed_pooled_primary,adaptive_minus_fixed_medium__B0__pooled,solver_failure_fraction,adaptive,fixed_medium,10,5,-0.0008860648837269658,-8.79012692943295e-06,0.0019596659574190128,-0.0018854216415259445,3.9849138854807736e-05,0.375,3,5,2,1.0
adaptive_vs_fixed,adaptive_vs_fixed_pooled_primary,adaptive_minus_fixed_medium__B0__pooled,supervisor_active_fraction,adaptive,fixed_medium,10,5,0.002565615007884771,0.001699968615964012,0.010324940787972255,0.00037782304306129553,0.0052941652415079725,0.125,5,4,1,1.0
adaptive_vs_fixed,adaptive_vs_fixed_style_descriptive,adaptive_minus_fixed_medium__B0__assertive,target_clearance_adjusted_completion_delay_s,adaptive,fixed_medium,5,5,-0.010000000149011612,0.0,0.7676262225595335,-0.6000000089406967,0.5800000086426735,1.0,2,2,1,1.0
adaptive_vs_fixed,adaptive_vs_fixed_style_descriptive,adaptive_minus_fixed_medium__B0__assertive,min_footprint_separation_m,adaptive,fixed_medium,5,5,-0.07698067622457101,-0.03654059540449017,0.12144921841078835,-0.17986754643571806,-0.0008195433139743357,0.1875,1,4,0,1.0
adaptive_vs_fixed,adaptive_vs_fixed_style_descriptive,adaptive_minus_fixed_medium__B0__assertive,solver_failure_fraction,adaptive,fixed_medium,5,5,-0.0019531034298269987,-0.0003402445507708664,0.0023950309614969574,-0.003885054519672826,-0.00019889003164950055,0.125,0,4,1,1.0
adaptive_vs_fixed,adaptive_vs_fixed_style_descriptive,adaptive_minus_fixed_medium__B0__assertive,supervisor_active_fraction,adaptive,fixed_medium,5,5,0.0015034485753861015,0.0,0.011595864979404808,-0.007605131491998195,0.010612028642770398,0.75,2,2,1,1.0
adaptive_vs_fixed,adaptive_vs_fixed_style_descriptive,adaptive_minus_fixed_medium__B0__reactive,target_clearance_adjusted_completion_delay_s,adaptive,fixed_medium,5,5,-0.37000000551342965,-0.2500000037252903,0.7259476673327244,-0.9700000144541263,0.15000000223517418,0.375,2,3,0,1.0
adaptive_vs_fixed,adaptive_vs_fixed_style_descriptive,adaptive_minus_fixed_medium__B0__reactive,min_footprint_separation_m,adaptive,fixed_medium,5,5,0.043377232476209726,0.003297595479090476,0.10090048360420788,-0.007065660546898544,0.1333508341035677,0.625,3,2,0,1.0
adaptive_vs_fixed,adaptive_vs_fixed_style_descriptive,adaptive_minus_fixed_medium__B0__reactive,solver_failure_fraction,adaptive,fixed_medium,5,5,0.00018097366237306722,8.717787774174379e-05,0.00024094095088522292,1.0403474004802397e-05,0.0003896282410268506,0.25,3,1,1,1.0
adaptive_vs_fixed,adaptive_vs_fixed_style_descriptive,adaptive_minus_fixed_medium__B0__reactive,supervisor_active_fraction,adaptive,fixed_medium,5,5,0.0036277814403834403,0.003399937231928024,0.0101279478016351,-0.004444108203353026,0.011063447836119535,0.5,3,2,0,1.0
adaptive_vs_fixed,adaptive_vs_fixed_pooled_primary,adaptive_minus_fixed_conservative__B0__pooled,target_clearance_adjusted_completion_delay_s,adaptive,fixed_conservative,10,5,-0.0800000011920929,-0.1750000026077032,0.9059065576120086,-0.4950000073760748,0.31000000461935995,0.75,3,7,0,1.0
adaptive_vs_fixed,adaptive_vs_fixed_pooled_primary,adaptive_minus_fixed_conservative__B0__pooled,min_footprint_separation_m,adaptive,fixed_conservative,10,5,-0.043278617742499616,-0.00895649276632482,0.10235154792717611,-0.11967166886552941,-0.000945369513962091,0.1875,3,7,0,1.0
adaptive_vs_fixed,adaptive_vs_fixed_pooled_primary,adaptive_minus_fixed_conservative__B0__pooled,solver_failure_fraction,adaptive,fixed_conservative,10,5,-0.0014416792403750885,0.0,0.0024639106781917286,-0.003447702118032013,0.00010817497691818865,0.375,4,4,2,1.0
adaptive_vs_fixed,adaptive_vs_fixed_pooled_primary,adaptive_minus_fixed_conservative__B0__pooled,supervisor_active_fraction,adaptive,fixed_conservative,10,5,0.0008123704910001528,0.0024001007007394964,0.013455379789708464,-0.005398814683320358,0.006131052808890094,0.8125,7,3,0,1.0
adaptive_vs_fixed,adaptive_vs_fixed_style_descriptive,adaptive_minus_fixed_conservative__B0__assertive,target_clearance_adjusted_completion_delay_s,adaptive,fixed_conservative,5,5,-0.04000000059604645,-0.15000000223517418,0.6416774986479628,-0.4600000068545341,0.5300000078976155,0.875,1,4,0,1.0
adaptive_vs_fixed,adaptive_vs_fixed_style_descriptive,adaptive_minus_fixed_conservative__B0__assertive,min_footprint_separation_m,adaptive,fixed_conservative,5,5,-0.07274353414506866,-0.00984375692466033,0.14395205556672205,-0.2016680131290781,-0.002121934429273287,0.125,1,4,0,1.0
adaptive_vs_fixed,adaptive_vs_fixed_style_descriptive,adaptive_minus_fixed_conservative__B0__assertive,solver_failure_fraction,adaptive,fixed_conservative,5,5,-0.0019519402760913255,-0.000457516339869281,0.0024946951183025734,-0.0038296843108616163,-7.419624132103518e-05,0.25,1,3,1,1.0
adaptive_vs_fixed,adaptive_vs_fixed_style_descriptive,adaptive_minus_fixed_conservative__B0__assertive,supervisor_active_fraction,adaptive,fixed_conservative,5,5,0.0019833531809665406,0.0020689655172413945,0.009199950163387044,-0.005478213631662632,0.008175192492088956,0.6875,4,1,0,1.0
adaptive_vs_fixed,adaptive_vs_fixed_style_descriptive,adaptive_minus_fixed_conservative__B0__reactive,target_clearance_adjusted_completion_delay_s,adaptive,fixed_conservative,5,5,-0.12000000178813934,-0.20000000298023224,1.196139641780872,-0.9900000147521496,0.9200000137090683,0.75,2,3,0,1.0
adaptive_vs_fixed,adaptive_vs_fixed_style_descriptive,adaptive_minus_fixed_conservative__B0__reactive,min_footprint_separation_m,adaptive,fixed_conservative,5,5,-0.013813701339930562,-0.0018527170356807954,0.02603826066656004,-0.036808283584111166,0.0023857453675732556,0.375,2,3,0,1.0
adaptive_vs_fixed,adaptive_vs_fixed_style_descriptive,adaptive_minus_fixed_conservative__B0__reactive,solver_failure_fraction,adaptive,fixed_conservative,5,5,-0.0009314182046588515,7.003168933942573e-05,0.0026048044212633407,-0.0032957947087239995,0.00038535334878809553,1.0,3,1,1,1.0
adaptive_vs_fixed,adaptive_vs_fixed_style_descriptive,adaptive_minus_fixed_conservative__B0__reactive,supervisor_active_fraction,adaptive,fixed_conservative,5,5,-0.000358612198966235,0.0027312358842375983,0.017868665807289758,-0.01636633916951131,0.01202851149753092,0.9375,3,2,0,1.0
adaptive_vs_fixed,adaptive_vs_fixed_pooled_primary,adaptive_minus_fixed_aggressive__B1__pooled,target_clearance_adjusted_completion_delay_s,adaptive,fixed_aggressive,10,5,0.2850000042468309,0.02500000037252903,0.8714770478080638,-0.21500000320374965,1.08500001616776,0.9375,5,3,2,1.0
adaptive_vs_fixed,adaptive_vs_fixed_pooled_primary,adaptive_minus_fixed_aggressive__B1__pooled,min_footprint_separation_m,adaptive,fixed_aggressive,10,5,0.007690718675246133,0.0035111279603591283,0.02144833363817059,-0.0066476603899646046,0.02001166946156787,0.375,7,3,0,1.0
adaptive_vs_fixed,adaptive_vs_fixed_pooled_primary,adaptive_minus_fixed_aggressive__B1__pooled,solver_failure_fraction,adaptive,fixed_aggressive,10,5,0.00031915346414586765,0.0,0.0012024819358575094,1.2131527867934381e-05,0.0008713929315549492,0.125,4,3,3,1.0
adaptive_vs_fixed,adaptive_vs_fixed_pooled_primary,adaptive_minus_fixed_aggressive__B1__pooled,supervisor_active_fraction,adaptive,fixed_aggressive,10,5,-0.0042161143130280635,-0.00034873583260680574,0.01270028145629299,-0.016110276681819954,0.0032915415333823056,0.9375,3,5,2,1.0
adaptive_vs_fixed,adaptive_vs_fixed_style_descriptive,adaptive_minus_fixed_aggressive__B1__assertive,target_clearance_adjusted_completion_delay_s,adaptive,fixed_aggressive,5,5,0.3200000047683716,0.0,1.0359778144271927,-0.24000000357627868,1.2600000187754632,1.0,1,2,2,1.0
adaptive_vs_fixed,adaptive_vs_fixed_style_descriptive,adaptive_minus_fixed_aggressive__B1__assertive,min_footprint_separation_m,adaptive,fixed_aggressive,5,5,0.0008028972426637138,0.003243702139862803,0.01784249599979527,-0.01452391440358063,0.01196291313613087,0.875,4,1,0,1.0
adaptive_vs_fixed,adaptive_vs_fixed_style_descriptive,adaptive_minus_fixed_aggressive__B1__assertive,solver_failure_fraction,adaptive,fixed_aggressive,5,5,-0.00011773586880765765,0.0,0.00040454901758195,-0.0004834745901585613,0.00011197154662225834,1.0,2,1,2,1.0
adaptive_vs_fixed,adaptive_vs_fixed_style_descriptive,adaptive_minus_fixed_aggressive__B1__assertive,supervisor_active_fraction,adaptive,fixed_aggressive,5,5,-0.004094150629418097,0.0,0.013190257471757293,-0.01603004214762812,0.0029033267285431376,1.0,2,1,2,1.0
adaptive_vs_fixed,adaptive_vs_fixed_style_descriptive,adaptive_minus_fixed_aggressive__B1__reactive,target_clearance_adjusted_completion_delay_s,adaptive,fixed_aggressive,5,5,0.2500000037252903,0.10000000149011612,0.7952986978802172,-0.3500000052154064,0.9400000140070915,0.5625,4,1,0,1.0
adaptive_vs_fixed,adaptive_vs_fixed_style_descriptive,adaptive_minus_fixed_aggressive__B1__reactive,min_footprint_separation_m,adaptive,fixed_aggressive,5,5,0.014578540107828553,0.0037785537808554537,0.024456285734991843,-0.003576028524549679,0.03498383933324654,0.4375,3,2,0,1.0
adaptive_vs_fixed,adaptive_vs_fixed_style_descriptive,adaptive_minus_fixed_aggressive__B1__reactive,solver_failure_fraction,adaptive,fixed_aggressive,5,5,0.000756042797099393,0.0,0.0016163463994129448,-6.451596738874417e-05,0.0022160814051736554,0.5,2,2,1,1.0
adaptive_vs_fixed,adaptive_vs_fixed_style_descriptive,adaptive_minus_fixed_aggressive__B1__reactive,supervisor_active_fraction,adaptive,fixed_aggressive,5,5,-0.004338077996638029,-0.00136554621848739,0.013744035265664725,-0.016612642981427134,0.005615307490583565,0.5625,1,4,0,1.0
adaptive_vs_fixed,adaptive_vs_fixed_pooled_primary,adaptive_minus_fixed_medium__B1__pooled,target_clearance_adjusted_completion_delay_s,adaptive,fixed_medium,10,5,-0.38000000566244124,-0.02500000037252903,1.056514200324935,-1.08500001616776,0.3250000048428774,0.4375,3,5,2,1.0
adaptive_vs_fixed,adaptive_vs_fixed_pooled_primary,adaptive_minus_fixed_medium__B1__pooled,min_footprint_separation_m,adaptive,fixed_medium,10,5,0.0031947101601471294,0.001714538462328219,0.02181462788111713,-0.004866011943527382,0.01294096755149272,0.75,5,5,0,1.0
adaptive_vs_fixed,adaptive_vs_fixed_pooled_primary,adaptive_minus_fixed_medium__B1__pooled,solver_failure_fraction,adaptive,fixed_medium,10,5,0.000162748578155948,7.002801120448154e-05,0.0018340409965863643,-8.561231393846986e-05,0.0004111094702503659,0.5,5,3,2,1.0
adaptive_vs_fixed,adaptive_vs_fixed_pooled_primary,adaptive_minus_fixed_medium__B1__pooled,supervisor_active_fraction,adaptive,fixed_medium,10,5,0.0036616760365316887,0.00034500603760564963,0.014958018284783839,-0.005703150523778422,0.013257530716666854,0.4375,5,3,2,1.0
adaptive_vs_fixed,adaptive_vs_fixed_style_descriptive,adaptive_minus_fixed_medium__B1__assertive,target_clearance_adjusted_completion_delay_s,adaptive,fixed_medium,5,5,-0.360000005364418,0.0,0.6570768698311885,-0.9600000143051147,0.020000000298023225,0.5,1,2,2,1.0
adaptive_vs_fixed,adaptive_vs_fixed_style_descriptive,adaptive_minus_fixed_medium__B1__assertive,min_footprint_separation_m,adaptive,fixed_medium,5,5,-0.002436968317719601,-0.000829650094641754,0.011121792422667197,-0.011051519192453552,0.00617758255701435,0.625,2,3,0,1.0
adaptive_vs_fixed,adaptive_vs_fixed_style_descriptive,adaptive_minus_fixed_medium__B1__assertive,solver_failure_fraction,adaptive,fixed_medium,5,5,-0.0006632101842858464,0.0,0.0018805184647015182,-0.0023719887955182075,0.0003365906662869409,0.875,2,2,1,1.0
adaptive_vs_fixed,adaptive_vs_fixed_style_descriptive,adaptive_minus_fixed_medium__B1__assertive,supervisor_active_fraction,adaptive,fixed_medium,5,5,0.003944020867523596,0.0,0.00726133767129488,-0.0002871353125160292,0.010550570464106419,0.5,2,1,2,1.0
adaptive_vs_fixed,adaptive_vs_fixed_style_descriptive,adaptive_minus_fixed_medium__B1__reactive,target_clearance_adjusted_completion_delay_s,adaptive,fixed_medium,5,5,-0.4000000059604645,-0.05000000074505806,1.4417871070139232,-1.4600000217556954,0.6600000098347664,0.6875,2,3,0,1.0
adaptive_vs_fixed,adaptive_vs_fixed_style_descriptive,adaptive_minus_fixed_medium__B1__reactive,min_footprint_separation_m,adaptive,fixed_medium,5,5,0.00882638863801386,0.004258727019298192,0.029457455825190725,-0.01152856334017378,0.03506426908398921,0.6875,3,2,0,1.0
adaptive_vs_fixed,adaptive_vs_fixed_style_descriptive,adaptive_minus_fixed_medium__B1__reactive,solver_failure_fraction,adaptive,fixed_medium,5,5,0.0009887073405977424,0.0004598462274215502,0.0015252770107064418,7.796364324341373e-05,0.002356776703187695,0.25,3,1,1,1.0
adaptive_vs_fixed,adaptive_vs_fixed_style_descriptive,adaptive_minus_fixed_medium__B1__reactive,supervisor_active_fraction,adaptive,fixed_medium,5,5,0.0033793312055397816,0.0006900120752112993,0.021224841070837292,-0.013672425618684664,0.01945574415463221,0.6875,3,2,0,1.0
adaptive_vs_fixed,adaptive_vs_fixed_pooled_primary,adaptive_minus_fixed_conservative__B1__pooled,target_clearance_adjusted_completion_delay_s,adaptive,fixed_conservative,10,5,-0.06500000096857547,-0.05000000074505806,1.0941892138386444,-0.6200000092387199,0.545375008126688,0.875,2,5,3,1.0
adaptive_vs_fixed,adaptive_vs_fixed_pooled_primary,adaptive_minus_fixed_conservative__B1__pooled,min_footprint_separation_m,adaptive,fixed_conservative,10,5,0.034008594560545446,0.002417458991629262,0.19466004519477081,-0.06738611394781134,0.1680344131458224,0.6875,7,3,0,1.0
adaptive_vs_fixed,adaptive_vs_fixed_pooled_primary,adaptive_minus_fixed_conservative__B1__pooled,solver_failure_fraction,adaptive,fixed_conservative,10,5,1.4762151167371785e-07,0.0,0.0024531599734503163,-0.001568760781539435,0.0013944724632787573,1.0,4,1,5,1.0
adaptive_vs_fixed,adaptive_vs_fixed_pooled_primary,adaptive_minus_fixed_conservative__B1__pooled,supervisor_active_fraction,adaptive,fixed_conservative,10,5,0.0033857488003768365,0.0037057373171960756,0.013534139497605424,-0.004282981358134081,0.008916641136334962,0.5,6,1,3,1.0
adaptive_vs_fixed,adaptive_vs_fixed_style_descriptive,adaptive_minus_fixed_conservative__B1__assertive,target_clearance_adjusted_completion_delay_s,adaptive,fixed_conservative,5,5,0.4300000064074993,0.0,1.0183319846224062,-0.06000000089406967,1.3500000201165676,1.0,1,1,3,1.0
adaptive_vs_fixed,adaptive_vs_fixed_style_descriptive,adaptive_minus_fixed_conservative__B1__assertive,min_footprint_separation_m,adaptive,fixed_conservative,5,5,-0.007535597035582375,0.0008355704215401438,0.018805436116368042,-0.023234044819661383,0.005172523679436214,0.5,3,2,0,1.0
adaptive_vs_fixed,adaptive_vs_fixed_style_descriptive,adaptive_minus_fixed_conservative__B1__assertive,solver_failure_fraction,adaptive,fixed_conservative,5,5,-0.001151219512195122,0.0,0.002574205086292441,-0.003453658536585366,0.0,1.0,0,1,4,1.0
adaptive_vs_fixed,adaptive_vs_fixed_style_descriptive,adaptive_minus_fixed_conservative__B1__assertive,supervisor_active_fraction,adaptive,fixed_conservative,5,5,-0.00551762520313453,0.0,0.013127167749140262,-0.017385365853658536,0.0008324902442549464,1.0,1,1,3,1.0
adaptive_vs_fixed,adaptive_vs_fixed_style_descriptive,adaptive_minus_fixed_conservative__B1__reactive,target_clearance_adjusted_completion_delay_s,adaptive,fixed_conservative,5,5,-0.5600000083446502,-0.5000000074505806,1.0218855274056264,-1.3700000204145908,0.29000000432133677,0.375,1,4,0,1.0
adaptive_vs_fixed,adaptive_vs_fixed_style_descriptive,adaptive_minus_fixed_conservative__B1__reactive,min_footprint_separation_m,adaptive,fixed_conservative,5,5,0.07555278615667327,0.013363820669266224,0.28388334861929077,-0.1266456465545591,0.3307853542466067,0.5625,4,1,0,1.0
adaptive_vs_fixed,adaptive_vs_fixed_style_descriptive,adaptive_minus_fixed_conservative__B1__reactive,solver_failure_fraction,adaptive,fixed_conservative,5,5,0.0011515147552184693,0.0003700639993034086,0.001897324077949739,0.00017252457979217672,0.0028629577264181966,0.125,4,0,1,1.0
adaptive_vs_fixed,adaptive_vs_fixed_style_descriptive,adaptive_minus_fixed_conservative__B1__reactive,supervisor_active_fraction,adaptive,fixed_conservative,5,5,0.012289122803888202,0.011685319289005916,0.006453014190002534,0.00781864455098574,0.017833282272669924,0.0625,5,0,0,1.0
predictor_x_risk_interaction,predictor_x_risk_primary,B1_B0_effect__adaptive_minus_fixed_aggressive,target_clearance_adjusted_completion_delay_s,B1-B0 under adaptive,B1-B0 under fixed_aggressive,10,5,0.41000000610947607,0.02500000037252903,1.1062449160331531,-0.19500000290572644,1.0150000151246785,0.3125,5,4,1,1.0
predictor_x_risk_interaction,predictor_x_risk_primary,B1_B0_effect__adaptive_minus_fixed_aggressive,min_footprint_separation_m,B1-B0 under adaptive,B1-B0 under fixed_aggressive,10,5,0.018262832414814155,0.024098781648377532,0.041360509814545456,0.00040462568158560196,0.03264563709458346,0.125,6,4,0,1.0
predictor_x_risk_interaction,predictor_x_risk_primary,B1_B0_effect__adaptive_minus_fixed_aggressive,solver_failure_fraction,B1-B0 under adaptive,B1-B0 under fixed_aggressive,10,5,0.0002733718060413543,0.0,0.0014923101329580774,-0.00023630180556744596,0.0009582835582359272,0.75,4,4,2,1.0
predictor_x_risk_interaction,predictor_x_risk_primary,B1_B0_effect__adaptive_minus_fixed_aggressive,supervisor_active_fraction,B1-B0 under adaptive,B1-B0 under fixed_aggressive,10,5,-0.0049444387992456235,-0.00034873583260680574,0.014213485740356191,-0.013006723962513473,0.0025933531387883485,0.3125,4,5,1,1.0
predictor_x_risk_interaction,predictor_x_risk_primary,B1_B0_effect__adaptive_minus_fixed_medium,target_clearance_adjusted_completion_delay_s,B1-B0 under adaptive,B1-B0 under fixed_medium,10,5,-0.19000000283122062,0.12500000186264515,1.1659045303302598,-0.9850000146776438,0.5900000087916851,0.8125,6,4,0,1.0
predictor_x_risk_interaction,predictor_x_risk_primary,B1_B0_effect__adaptive_minus_fixed_medium,min_footprint_separation_m,B1-B0 under adaptive,B1-B0 under fixed_medium,10,5,0.01999643203432777,0.016600670187206512,0.13006994748881281,0.001221783303509083,0.03877108076514646,0.1875,7,3,0,1.0
predictor_x_risk_interaction,predictor_x_risk_primary,B1_B0_effect__adaptive_minus_fixed_medium,solver_failure_fraction,B1-B0 under adaptive,B1-B0 under fixed_medium,10,5,0.0010488134618829139,0.0002892351839028197,0.00177973146508996,0.0002686432327761752,0.0019103660981396522,0.125,6,2,2,1.0
predictor_x_risk_interaction,predictor_x_risk_primary,B1_B0_effect__adaptive_minus_fixed_medium,supervisor_active_fraction,B1-B0 under adaptive,B1-B0 under fixed_medium,10,5,0.0010960610286469177,-0.0017773762958228287,0.01666073543351195,-0.010879178116357736,0.01165137855753944,0.9375,4,6,0,1.0
predictor_x_risk_interaction,predictor_x_risk_primary,B1_B0_effect__adaptive_minus_fixed_conservative,target_clearance_adjusted_completion_delay_s,B1-B0 under adaptive,B1-B0 under fixed_conservative,10,5,0.015000000223517418,-0.10000000149011612,1.6145260983118215,-0.6150000091642142,0.720000010728836,1.0,5,5,0,1.0
predictor_x_risk_interaction,predictor_x_risk_primary,B1_B0_effect__adaptive_minus_fixed_conservative,min_footprint_separation_m,B1-B0 under adaptive,B1-B0 under fixed_conservative,10,5,0.07728721230304506,0.008972474960908527,0.20691656035950065,0.004684278498985917,0.18677182570189213,0.1875,7,3,0,1.0
predictor_x_risk_interaction,predictor_x_risk_primary,B1_B0_effect__adaptive_minus_fixed_conservative,solver_failure_fraction,B1-B0 under adaptive,B1-B0 under fixed_conservative,10,5,0.0014418268618867623,0.00029528122754799097,0.0024592863427473233,0.0005054887675532789,0.0023781649562202457,0.125,6,2,2,1.0
predictor_x_risk_interaction,predictor_x_risk_primary,B1_B0_effect__adaptive_minus_fixed_conservative,supervisor_active_fraction,B1-B0 under adaptive,B1-B0 under fixed_conservative,10,5,0.002573378309376684,0.0017009273003025238,0.020037393466282014,-0.0023191522788202678,0.0074659088975736355,0.375,5,5,0,1.0
predictor_x_target_interaction,predictor_x_target_primary,B1_B0_effect__reactive_minus_assertive,target_clearance_adjusted_completion_delay_s,B1-B0 under reactive,B1-B0 under assertive,5,5,-0.21250000316649675,0.037500000558793545,0.8615484009161875,-0.8875000132247806,0.46250000689178705,0.625,3,2,0,1.0
predictor_x_target_interaction,predictor_x_target_primary,B1_B0_effect__reactive_minus_assertive,min_footprint_separation_m,B1-B0 under reactive,B1-B0 under assertive,5,5,-0.01945321841222699,-0.005354488698212312,0.04230973497883827,-0.05661104393223669,0.00812669705816207,0.375,1,4,0,1.0
predictor_x_target_interaction,predictor_x_target_primary,B1_B0_effect__reactive_minus_assertive,solver_failure_fraction,B1-B0 under reactive,B1-B0 under assertive,5,5,0.0005440137409293562,0.0,0.0012533937352863624,-0.00038182935570485883,0.0016101963261892388,0.5,2,2,1,1.0
predictor_x_target_interaction,predictor_x_target_primary,B1_B0_effect__reactive_minus_assertive,supervisor_active_fraction,B1-B0 under reactive,B1-B0 under assertive,5,5,0.0015738834241607554,-0.0006716836447115647,0.009035706389250796,-0.00553935509490156,0.00868712194322307,0.75,2,3,0,1.0
