cell_id,predictor,risk_policy,target_style,ego_init_id,completion_time_s,target_clearance_adjusted_completion_delay_s,rollout_start_time_s,ego_completion_time_s,target_clearance_time_s,completion_clock_residual_s,completion_valid,min_footprint_separation_m,min_center_distance_m,footprint_collision,yield_order_valid,clearance_s,feasibility_fraction,solver_failure_fraction,average_solve_time_s,max_lateral_acceleration_mps2,avg_longitudinal_jerk_mps3,avg_lateral_jerk_mps3,supervisor_active_fraction,hard_stop_override_fraction,risk_tightening_mean,adaptive_risk_solver_fraction,reactive_active_samples,invalid_probabilities,invalid_covariances
B1_fixed_aggressive_assertive,B1,fixed_aggressive,assertive,46,10.000000149011612,8.050000119954348,18.843922935426235,28.843923084437847,20.7939229644835,0.0,1.0,1.0154659300059423,4.53270593477413,0.0,1.0,1.1500000171363354,0.9950248756218906,0.004975124378109453,0.061503809445,4.527778996756326,5.251395012786084,3.89701471412429,0.13930348258706468,0.13930348258706468,1.2815515655445984,0.0,0,0,0
B1_fixed_aggressive_assertive,B1,fixed_aggressive,assertive,47,9.200000137090683,7.200000107288361,41.74082328751683,50.940823424607515,43.740823317319155,0.0,1.0,1.0208270406220952,4.477199697110633,0.0,1.0,1.1000000163912773,1.0,0.0,0.05490159103243244,4.87836852376711,5.405655290876881,6.251157652559487,0.12972972972972974,0.12972972972972974,1.2815515655445995,0.0,0,0,0
B1_fixed_aggressive_assertive,B1,fixed_aggressive,assertive,48,10.30000015348196,8.350000124424696,60.53749118372798,70.83749133720994,62.487491212785244,0.0,1.0,1.1204221509009578,4.601076894705581,0.0,1.0,1.5000000223517418,0.9951690821256038,0.004830917874396135,0.05978149369417476,5.196398753824042,6.4631994484200375,2.974975129169959,0.15942028985507245,0.15942028985507245,1.2815515655445984,0.0,0,0,0
B1_fixed_aggressive_assertive,B1,fixed_aggressive,assertive,49,10.150000151246786,8.200000122189522,81.61862677335739,91.76862692460418,83.56862680241466,0.0,1.0,1.3262333582491488,4.788283749259765,0.0,1.0,1.3000000193715096,0.9950980392156863,0.004901960784313725,0.05808612592610837,6.05466146907325,5.729864109121837,3.797863585672377,0.13725490196078433,0.13725490196078433,1.2815515655445984,0.0,0,0,0
B1_fixed_aggressive_assertive,B1,fixed_aggressive,assertive,50,11.10000016540289,9.150000136345625,104.72127294540405,115.82127311080694,106.67127297446132,0.0,1.0,1.7834586952184013,5.117786625286951,0.0,1.0,1.3500000201165676,0.9955156950672646,0.004484304932735426,0.057449266436936944,5.403529898275704,5.265069288579921,4.340818192991827,0.13004484304932734,0.13004484304932734,1.2815515655445975,0.0,0,0,0
B1_fixed_aggressive_reactive,B1,fixed_aggressive,reactive,46,11.85000017657876,9.350000139325857,137.6279448159039,149.47794499248266,140.1279448531568,0.0,1.0,0.8452602808700442,4.335714744869842,0.0,1.0,1.4500000216066837,0.9957983193277311,0.004201680672268907,0.05499876092827006,4.366718018717699,5.510894673576633,3.1847910858991235,0.1638655462184874,0.1638655462184874,1.2815515655445977,0.0,15,0,0
B1_fixed_aggressive_reactive,B1,fixed_aggressive,reactive,47,9.200000137090683,7.200000107288361,159.17903731018305,168.37903744727373,161.17903733998537,0.0,1.0,1.0207620788856056,4.47711788291258,0.0,1.0,1.1000000163912773,1.0,0.0,0.05533059522702703,4.878397907541795,5.414098695432348,6.257645667478676,0.12972972972972974,0.12972972972972974,1.2815515655445995,0.0,0,0,0
B1_fixed_aggressive_reactive,B1,fixed_aggressive,reactive,48,10.200000151991844,7.750000115483999,179.50473254546523,189.70473269745708,181.95473258197308,0.0,1.0,1.1189856710638426,4.578230031499735,0.0,1.0,1.5000000223517418,0.9951219512195122,0.004878048780487805,0.0511158940882353,5.196204178550271,6.259162357024389,2.9372454851220127,0.2097560975609756,0.2097560975609756,1.2815515655445986,0.0,10,0,0
B1_fixed_aggressive_reactive,B1,fixed_aggressive,reactive,49,10.950000163167715,8.650000128895044,200.5711770094931,211.52117717266083,202.87117704376578,0.0,1.0,1.1657346048784187,4.619264260784954,0.0,1.0,1.5000000223517418,0.9954545454545455,0.004545454545454545,0.0562663130456621,6.052265469149853,6.2919916449338675,3.4875390614457293,0.1590909090909091,0.1590909090909091,1.2815515655445981,0.0,9,0,0
B1_fixed_aggressive_reactive,B1,fixed_aggressive,reactive,50,10.700000159442425,8.75000013038516,221.2098267376423,231.9098268970847,223.15982676669955,0.0,1.0,1.7774295966859968,5.111460819885061,0.0,1.0,1.3500000201165676,0.9953488372093023,0.004651162790697674,0.05322822762616822,5.384913398594627,5.391904434471535,4.482576384321048,0.13488372093023257,0.13488372093023257,1.2815515655445977,0.0,0,0,0
B1_fixed_medium_assertive,B1,fixed_medium,assertive,46,9.80000014603138,7.850000116974115,254.77897683158517,264.57897697761655,256.72897686064243,0.0,1.0,0.9869335922513305,4.508077295137095,0.0,1.0,1.1500000171363354,0.9949238578680203,0.005076142131979695,0.05692319563265307,4.326394454216638,5.01114386292169,3.8233449776951844,0.14213197969543148,0.14213197969543148,1.639999999999995,0.0,0,0,0
B1_fixed_medium_assertive,B1,fixed_medium,assertive,47,9.200000137090683,7.200000107288361,277.12188444659114,286.3218845836818,279.12188447639346,0.0,1.0,1.0298477829869916,4.483609537195651,0.0,1.0,1.1000000163912773,1.0,0.0,0.05858036098378378,4.875594381215977,5.404283075867482,6.333039109977449,0.12972972972972974,0.12972972972972974,1.639999999999996,0.0,0,0,0
B1_fixed_medium_assertive,B1,fixed_medium,assertive,48,12.450000185519457,10.500000156462193,298.79117403179407,311.2411742173135,300.74117406085134,0.0,1.0,1.1238280588666003,4.607344794791494,0.0,1.0,1.5000000223517418,0.992,0.008,0.05833878796774194,5.221712170740927,5.388513612868494,2.5701225336714417,0.132,0.132,1.6399999999999935,0.0,0,0,0
B1_fixed_medium_assertive,B1,fixed_medium,assertive,49,10.450000155717134,8.550000127404928,322.63241197541356,333.0824121311307,324.53241200372577,0.0,1.0,1.3447483746359856,4.8048841155468995,0.0,1.0,1.4000000208616257,0.9952380952380953,0.004761904761904762,0.0546792506937799,6.1737307177044,5.768184667276451,3.6174838987459896,0.13333333333333333,0.13333333333333333,1.6399999999999948,0.0,0,0,0
B1_fixed_medium_assertive,B1,fixed_medium,assertive,50,12.200000181794167,10.250000152736902,346.544856056571,358.7448562383652,348.49485608562827,0.0,1.0,1.7972486940575538,5.127063022845788,0.0,1.0,1.3500000201165676,0.9959183673469387,0.004081632653061225,0.05316325151229508,5.372209593673849,4.544282933539621,3.94989921084543,0.11836734693877551,0.11836734693877551,1.6399999999999935,0.0,0,0,0
B1_fixed_medium_reactive,B1,fixed_medium,reactive,46,11.85000017657876,9.350000139325857,377.2462764047086,389.0962765812874,379.7462764419615,0.0,1.0,0.8439250634200585,4.3338736737638355,0.0,1.0,1.4500000216066837,0.9957983193277311,0.004201680672268907,0.05382595116455696,4.323874185920227,5.5578030888683765,3.1698351549529806,0.1638655462184874,0.1638655462184874,1.6399999999999946,0.0,15,0,0
B1_fixed_medium_reactive,B1,fixed_medium,reactive,47,9.300000138580799,7.300000108778477,20.240925189107656,29.540925327688456,22.24092521890998,0.0,1.0,1.0386985900543304,4.4925330162012465,0.0,1.0,1.1000000163912773,1.0,0.0,0.07532721835828879,4.858450476672384,5.406613043589991,6.098307835852455,0.12834224598930483,0.12834224598930483,1.6399999999999957,0.0,0,0,0
B1_fixed_medium_reactive,B1,fixed_medium,reactive,48,10.200000151991844,7.750000115483999,43.37510035187006,53.575100503861904,45.825100388377905,0.0,1.0,1.1185054978253999,4.5778544514987685,0.0,1.0,1.5000000223517418,0.9951219512195122,0.004878048780487805,0.06965320920588235,5.196422884842296,6.256543297733908,2.931738665629401,0.2097560975609756,0.2097560975609756,1.6399999999999957,0.0,10,0,0
B1_fixed_medium_reactive,B1,fixed_medium,reactive,49,12.550000187009573,10.250000152736902,66.07128379866481,78.62128398567438,68.37128383293748,0.0,1.0,1.1585835591023623,4.6126375608338375,0.0,1.0,1.5000000223517418,0.996031746031746,0.003968253968253968,0.07039204178486057,6.074516334374545,5.546341611552635,3.036626799452587,0.1388888888888889,0.1388888888888889,1.639999999999994,0.0,9,0,0
B1_fixed_medium_reactive,B1,fixed_medium,reactive,50,12.250000182539225,10.30000015348196,91.1198740825057,103.36987426504493,93.06987411156297,0.0,1.0,1.7972202793308303,5.126656674568154,0.0,1.0,1.3500000201165676,0.9959349593495935,0.0040650406504065045,0.07710324248163264,5.384622772951206,4.553284125526384,3.933738363166095,0.11788617886178862,0.11788617886178862,1.6399999999999935,0.0,0,0,0
B1_fixed_conservative_assertive,B1,fixed_conservative,assertive,46,9.850000146776438,7.900000117719173,125.90221251174808,135.7522126585245,127.85221254080534,0.0,1.0,0.985224224512261,4.506650681885662,0.0,1.0,1.1500000171363354,0.9949494949494949,0.005050505050505051,0.07215835408629441,4.356328881395514,4.965707646961803,3.8185688502748896,0.1414141414141414,0.1414141414141414,2.0537489106318216,0.0,0,0,0
B1_fixed_conservative_assertive,B1,fixed_conservative,assertive,47,9.300000138580799,7.300000108778477,146.89489124715328,156.19489138573408,148.8948912769556,0.0,1.0,1.0485621569234012,4.497629540428082,0.0,1.0,1.1000000163912773,1.0,0.0,0.07089812302673797,4.858460617704424,5.43074249903981,6.337290360750743,0.12834224598930483,0.12834224598930483,2.053748910631821,0.0,0,0,0
B1_fixed_conservative_assertive,B1,fixed_conservative,assertive,48,10.200000151991844,8.25000012293458,169.95613005012274,180.15613020211458,171.90613007918,0.0,1.0,1.17199954595732,4.650389036056041,0.0,1.0,1.5000000223517418,0.9902439024390244,0.00975609756097561,0.06863991378325124,5.232274065136309,6.685569603286099,3.1374809829964496,0.16097560975609757,0.16097560975609757,2.0537489106318225,0.0,0,0,0
B1_fixed_conservative_assertive,B1,fixed_conservative,assertive,49,10.150000151246786,8.200000122189522,193.94760733097792,204.0976074822247,195.89760736003518,0.0,1.0,1.3286414899674714,4.790037474298601,0.0,1.0,1.3000000193715096,0.9950980392156863,0.004901960784313725,0.07263055954679802,6.052911199855391,5.633036103862756,3.811290774641695,0.13725490196078433,0.13725490196078433,2.0537489106318225,0.0,0,0,0
B1_fixed_conservative_assertive,B1,fixed_conservative,assertive,50,10.700000159442425,8.75000013038516,216.76222679018974,227.46222694963217,218.712226819247,0.0,1.0,1.7736722290273221,5.11094711923648,0.0,1.0,1.3500000201165676,0.9953488372093023,0.004651162790697674,0.06756839229906542,5.37223678651305,5.29212810248352,4.522300752367412,0.13488372093023257,0.13488372093023257,2.0537489106318234,0.0,0,0,0
B1_fixed_conservative_reactive,B1,fixed_conservative,reactive,46,13.90000020712614,11.400000169873238,250.5694129317999,264.46941313892603,253.0694129690528,0.0,1.0,0.825184024410073,4.315628351319943,0.0,1.0,1.4000000208616257,0.996415770609319,0.0035842293906810036,0.06932155096043166,4.3435110325182205,4.5676393798720945,2.6560496843619146,0.13978494623655913,0.13978494623655913,2.0537489106318265,0.0,15,0,0
B1_fixed_conservative_reactive,B1,fixed_conservative,reactive,47,9.750000145286322,7.750000115483999,277.1216763816774,286.8716765269637,279.1216764114797,0.0,1.0,1.2489637931007573,4.628409239465073,0.0,1.0,1.1500000171363354,1.0,0.0,0.07171320921428571,4.858872270089231,4.658959267345966,5.863258600703727,0.11734693877551021,0.11734693877551021,2.0537489106318216,0.0,0,0,0
B1_fixed_conservative_reactive,B1,fixed_conservative,reactive,48,12.10000018030405,9.650000143796206,298.40237019583583,310.5023703761399,300.8523702323437,0.0,1.0,1.1188090245058673,4.578101624218562,0.0,1.0,1.5000000223517418,0.9917695473251029,0.00823045267489712,0.06800054648962656,5.197368949457468,5.523815793818891,2.6041202076319823,0.17695473251028807,0.17695473251028807,2.0537489106318247,0.0,10,0,0
B1_fixed_conservative_reactive,B1,fixed_conservative,reactive,49,11.10000016540289,8.800000131130219,323.0750710889697,334.1750712543726,325.3750711232424,0.0,1.0,1.1649170855003546,4.618618466438759,0.0,1.0,1.5000000223517418,0.9955156950672646,0.004484304932735426,0.0684843731891892,6.052773477783424,6.1330567416287725,3.4369767565217604,0.15695067264573992,0.15695067264573992,2.053748910631823,0.0,9,0,0
B1_fixed_conservative_reactive,B1,fixed_conservative,reactive,50,10.100000150501728,8.150000121444464,344.3585516102612,354.45855176076293,346.30855163931847,0.0,1.0,1.2654270746226322,4.6790479464149906,0.0,1.0,1.2000000178813934,1.0,0.0,0.06485075350246305,5.701703443552436,5.153073960271546,5.191431847118423,0.12315270935960591,0.12315270935960591,2.053748910631822,0.0,0,0,0
B1_adaptive_assertive,B1,adaptive,assertive,46,9.850000146776438,7.900000117719173,377.62048076093197,387.4704809077084,379.57048078998923,0.0,1.0,0.9861039421566887,4.506920422575046,0.0,1.0,1.1500000171363354,0.9949494949494949,0.005050505050505051,0.09217690629441624,4.414773780556682,5.085375912548116,3.9434217083851193,0.1414141414141414,0.1414141414141414,1.3800330674592867,1.0,0,0,0
B1_adaptive_assertive,B1,adaptive,assertive,47,9.200000137090683,7.200000107288361,400.156446442008,409.3564465790987,402.15644647181034,0.0,1.0,1.0344460919996392,4.4909934739572215,0.0,1.0,1.1000000163912773,1.0,0.0,0.0809641222972973,4.8841158135069485,5.439394267911937,6.2760605276139225,0.12972972972972974,0.12972972972972974,1.3833055804936558,1.0,0,0,0
B1_adaptive_assertive,B1,adaptive,assertive,48,12.450000185519457,10.500000156462193,420.7000480145216,433.15004820004106,422.65004804357886,0.0,1.0,1.1350885312938095,4.614027930693508,0.0,1.0,1.5000000223517418,0.996,0.004,0.08678311208433735,5.217193392979956,5.234105383382322,2.557676188353936,0.132,0.132,1.360201169556828,1.0,0,0,0
B1_adaptive_assertive,B1,adaptive,assertive,49,10.150000151246786,8.200000122189522,444.4362053461373,454.58620549738407,446.38620537519455,0.0,1.0,1.3294770603890116,4.790466938414517,0.0,1.0,1.3000000193715096,0.9950980392156863,0.004901960784313725,0.09082364365517243,6.119808667331851,5.6314346411525165,3.789387838442982,0.13725490196078433,0.13725490196078433,1.3763558659092887,1.0,0,0,0
B1_adaptive_assertive,B1,adaptive,assertive,50,10.700000159442425,8.75000013038516,465.7227247059345,476.42272486537695,467.6727247349918,0.0,1.0,1.7853060353707149,5.117019080846188,0.0,1.0,1.3500000201165676,0.9953488372093023,0.004651162790697674,0.08807249725233644,5.375110608639204,5.16120320231875,4.42980409021119,0.13488372093023257,0.13488372093023257,1.3735727904738317,1.0,0,0,0
B1_adaptive_reactive,B1,adaptive,reactive,46,11.950000178068876,9.450000140815973,499.9140017069876,511.8640018850565,502.4140017442405,0.0,1.0,0.8385478450793392,4.33013434717971,0.0,1.0,1.4500000216066837,0.9958333333333333,0.004166666666666667,0.08668927895815899,4.4380807694082005,5.342919186265369,3.1950521097862317,0.1625,0.1625,1.3856992731202313,1.0,15,0,0
B1_adaptive_reactive,B1,adaptive,reactive,47,9.250000137835741,7.250000108033419,522.357621666044,531.6076218038797,524.3576216958463,0.0,1.0,1.0166451664745086,4.474384022707809,0.0,1.0,1.1000000163912773,1.0,0.0,0.08597159465053764,4.879045855609197,5.4851050738368174,6.296361289272617,0.12903225806451613,0.12903225806451613,1.3827605454631133,1.0,0,0,0
B1_adaptive_reactive,B1,adaptive,reactive,48,11.700000174343586,9.250000137835741,543.2041986882687,554.9041988626122,545.6541987247765,0.0,1.0,1.122764224844698,4.584156771359165,0.0,1.0,1.5000000223517418,0.9914893617021276,0.00851063829787234,0.08034009688412017,5.251858191148006,5.311373184151751,2.6997876299037715,0.1829787234042553,0.1829787234042553,1.3868397858743529,1.0,10,0,0
B1_adaptive_reactive,B1,adaptive,reactive,49,10.250000152736902,7.9500001184642315,566.7390087433159,576.9890088960528,569.0390087775886,0.0,1.0,1.215280911937039,4.689672701632786,0.0,1.0,1.3500000201165676,0.9951456310679612,0.0048543689320388345,0.0861057810682927,6.149530548873686,6.543112922711181,3.668066475486815,0.16990291262135923,0.16990291262135923,1.392402501502759,1.0,9,0,0
B1_adaptive_reactive,B1,adaptive,reactive,50,11.000000163912773,9.050000134855509,587.254331342876,598.2543315067887,589.2043313719332,0.0,1.0,1.8078267845874658,5.134564365962205,0.0,1.0,1.3500000201165676,0.995475113122172,0.004524886877828055,0.08917787484090907,5.375089363818342,5.086989527181172,4.3042340971463116,0.13122171945701358,0.13122171945701358,1.3710737187912059,1.0,0,0,0
B0_fixed_aggressive_assertive,B0,fixed_aggressive,assertive,46,9.950000148266554,8.00000011920929,622.855150192976,632.8051503412426,624.8051502220333,0.0,1.0,0.9984228959910301,4.518395188938372,0.0,1.0,1.1500000171363354,0.995,0.005,0.09209816919597989,4.4379996887984134,5.3205024457607815,3.8958201931963323,0.14,0.14,1.2815515655445986,0.0,0,0,0
B0_fixed_aggressive_assertive,B0,fixed_aggressive,assertive,47,9.300000138580799,7.300000108778477,643.4718493558466,652.7718494944274,645.471849385649,0.0,1.0,1.0960950286452258,4.538971757867088,0.0,1.0,1.1500000171363354,1.0,0.0,0.0628662435882353,4.878486634433085,5.317550915514548,6.308926545754804,0.12834224598930483,0.12834224598930483,1.2815515655445993,0.0,0,0,0
B0_fixed_aggressive_assertive,B0,fixed_aggressive,assertive,48,10.400000154972076,8.450000125914812,664.9137579873204,675.3137581422925,666.8637580163777,0.0,1.0,1.1180453409145368,4.599419079098587,0.0,1.0,1.5000000223517418,0.9952153110047847,0.004784688995215311,0.06219350490384616,5.196093717179602,6.37007285543578,2.935135986963621,0.15789473684210525,0.15789473684210525,1.281551565544598,0.0,0,0,0
B0_fixed_aggressive_assertive,B0,fixed_aggressive,assertive,49,10.200000151991844,8.300000123679638,685.890427455306,696.0904276072979,687.7904274836183,0.0,1.0,1.3537091160690422,4.811669327340807,0.0,1.0,1.4000000208616257,0.9951219512195122,0.004878048780487805,0.06266534102450981,6.170975157409742,5.8906405542082645,3.699310719832033,0.13658536585365855,0.13658536585365855,1.2815515655445984,0.0,0,0,0
B0_fixed_aggressive_assertive,B0,fixed_aggressive,assertive,50,11.550000172108412,9.600000143051147,706.7601653113961,718.3101654835045,708.7101653404534,0.0,1.0,1.8753911604631488,5.1948346954438716,0.0,1.0,1.3500000201165676,0.9956896551724138,0.004310344827586207,0.06421679316450216,5.384782936798731,5.05709064164038,4.076826761258322,0.125,0.125,1.2815515655445973,0.0,0,0,0
B0_fixed_aggressive_reactive,B0,fixed_aggressive,reactive,46,12.000000178813934,9.500000141561031,740.5229694619775,752.5229696407914,743.0229694992304,0.0,1.0,0.838207160172085,4.33042683223993,0.0,1.0,1.4500000216066837,0.995850622406639,0.004149377593360996,0.059321686949999994,4.369193653317918,5.462669473113874,3.159631557972701,0.16182572614107885,0.16182572614107885,1.2815515655445973,0.0,15,0,0
B0_fixed_aggressive_reactive,B0,fixed_aggressive,reactive,47,9.700000144541264,7.750000115483999,762.9412651844323,772.6412653289735,764.8912652134895,0.0,1.0,1.3267712897661175,4.684199848832518,0.0,1.0,1.2500000186264515,1.0,0.0,0.06675679013846154,4.880468375794511,4.552592302876523,5.965139886880764,0.11794871794871795,0.11794871794871795,1.2815515655445988,0.0,0,0,0
B0_fixed_aggressive_reactive,B0,fixed_aggressive,reactive,48,10.200000151991844,7.750000115483999,783.1200734898448,793.3200736418366,785.5700735263526,0.0,1.0,1.1205870993206652,4.579586147875016,0.0,1.0,1.5000000223517418,0.9951219512195122,0.004878048780487805,0.06081252935784314,5.196249315518073,6.283055109732479,2.931003863096396,0.2097560975609756,0.2097560975609756,1.2815515655445986,0.0,10,0,0
B0_fixed_aggressive_reactive,B0,fixed_aggressive,reactive,49,11.000000163912773,8.700000129640102,804.3651919104159,815.3651920743287,806.6651919446886,0.0,1.0,1.1597640351451455,4.614653278427965,0.0,1.0,1.5000000223517418,0.995475113122172,0.004524886877828055,0.06269079515,6.0538045506514875,6.205688621890304,3.471362738028466,0.1583710407239819,0.1583710407239819,1.281551565544598,0.0,9,0,0
B0_fixed_aggressive_reactive,B0,fixed_aggressive,reactive,50,12.300000183284283,10.350000154227018,825.7401511110365,838.0401512943208,827.6901511400938,0.0,1.0,1.7018112876025542,5.067054474690387,0.0,1.0,1.3500000201165676,0.9959514170040485,0.004048582995951417,0.06752009234552846,5.410232147724683,4.5262534498460045,3.9716212425045962,0.11740890688259109,0.11740890688259109,1.2815515655445968,0.0,0,0,0
B0_fixed_medium_assertive,B0,fixed_medium,assertive,46,9.950000148266554,8.00000011920929,858.1616624817252,868.1116626299918,860.1116625107825,0.0,1.0,0.9985051398890123,4.519017475488141,0.0,1.0,1.1500000171363354,0.99,0.01,0.0680114947929293,4.393383640761951,5.22531515989597,3.902726006606705,0.14,0.14,1.6399999999999948,0.0,0,0,0
B0_fixed_medium_assertive,B0,fixed_medium,assertive,47,9.700000144541264,7.750000115483999,878.6658762842417,888.3658764287829,880.6158763132989,0.0,1.0,1.3423906660755125,4.7040878570797044,0.0,1.0,1.2500000186264515,1.0,0.0,0.06786895297948717,4.880473153678196,4.598747803728415,5.874672608713636,0.11794871794871795,0.11794871794871795,1.6399999999999955,0.0,0,0,0
B0_fixed_medium_assertive,B0,fixed_medium,assertive,48,10.850000161677599,8.900000132620335,898.9724279791117,909.8224281407893,900.9224280081689,0.0,1.0,1.1798502812780556,4.666736270751666,0.0,1.0,1.5000000223517418,0.9908256880733946,0.009174311926605505,0.06457602039814815,5.228154496778051,6.577146729166839,2.9398302259001965,0.15137614678899083,0.15137614678899083,1.6399999999999944,0.0,0,0,0
B0_fixed_medium_assertive,B0,fixed_medium,assertive,49,10.400000154972076,8.50000012665987,920.533422794193,930.9334229491651,922.4334228225052,0.0,1.0,1.354768927495582,4.812202290116742,0.0,1.0,1.4000000208616257,0.9952153110047847,0.004784688995215311,0.061054996831730775,6.100116769373578,5.820219981313268,3.611041975168774,0.1339712918660287,0.1339712918660287,1.6399999999999948,0.0,0,0,0
B0_fixed_medium_assertive,B0,fixed_medium,assertive,50,9.950000148266554,8.00000011920929,941.2610226534307,951.2110228016973,943.211022682488,0.0,1.0,1.7572696851253733,5.092370344603241,0.0,1.0,1.3500000201165676,0.995,0.005,0.06568554364824121,5.377520039034374,5.500776661787602,4.847049661914075,0.145,0.145,1.6399999999999952,0.0,0,0,0
B0_fixed_medium_reactive,B0,fixed_medium,reactive,46,12.050000179558992,9.55000014230609,974.9556591100991,987.0056592896581,977.455659147352,0.0,1.0,0.8390618828096366,4.330941164392526,0.0,1.0,1.4500000216066837,0.9958677685950413,0.004132231404958678,0.059567223929460573,4.323864978160348,5.347854219164927,3.115624590923749,0.16115702479338842,0.16115702479338842,1.6399999999999944,0.0,15,0,0
B0_fixed_medium_reactive,B0,fixed_medium,reactive,47,9.300000138580799,7.300000108778477,997.7157282158732,1007.015728354454,999.7157282456756,0.0,1.0,1.1073864239981686,4.543220716822272,0.0,1.0,1.1000000163912773,1.0,0.0,0.0686566027433155,4.863610763721192,5.3813622153977345,6.400205492651747,0.12834224598930483,0.12834224598930483,1.6399999999999957,0.0,0,0,0
B0_fixed_medium_reactive,B0,fixed_medium,reactive,48,11.85000017657876,9.400000140070915,1019.1510844416916,1031.0010846182704,1021.6010844781995,0.0,1.0,1.1184883358607784,4.577838221991885,0.0,1.0,1.5000000223517418,0.9957983193277311,0.004201680672268907,0.06256406978481015,5.196452156502285,5.596983741879124,2.659404262541955,0.18067226890756302,0.18067226890756302,1.6399999999999946,0.0,10,0,0
B0_fixed_medium_reactive,B0,fixed_medium,reactive,49,11.10000016540289,8.800000131130219,1042.7703232429922,1053.870323408395,1045.0703232772648,0.0,1.0,1.1561054928566235,4.610481068369436,0.0,1.0,1.5000000223517418,0.9955156950672646,0.004484304932735426,0.06301493933783783,6.042079772836729,6.187280112354542,3.4309236781270283,0.15695067264573992,0.15695067264573992,1.6399999999999948,0.0,9,0,0
B0_fixed_medium_reactive,B0,fixed_medium,reactive,50,12.10000018030405,10.150000151246786,1065.9255911670625,1078.0255913473666,1067.8755911961198,0.0,1.0,1.7972736600469343,5.126695715743496,0.0,1.0,1.3500000201165676,0.9958847736625515,0.00411522633744856,0.06983744317768595,5.384675654864024,4.521027929137081,3.9986304092372706,0.11934156378600823,0.11934156378600823,1.6399999999999937,0.0,0,0,0
B0_fixed_conservative_assertive,B0,fixed_conservative,assertive,46,10.100000150501728,8.150000121444464,1102.8189107887447,1112.9189109392464,1104.768910817802,0.0,1.0,0.9788867350496604,4.502544568067035,0.0,1.0,1.1500000171363354,0.9901477832512315,0.009852216748768473,0.06611702101492538,4.395839254277638,5.281304843987093,3.8466276532932904,0.13793103448275862,0.13793103448275862,2.0537489106318225,0.0,0,0,0
B0_fixed_conservative_assertive,B0,fixed_conservative,assertive,47,9.650000143796206,7.700000114738941,1127.4843877069652,1137.1343878507614,1129.4343877360225,0.0,1.0,1.3900731887883204,4.725397510281266,0.0,1.0,1.2500000186264515,1.0,0.0,0.06295079269072165,4.878538817689213,4.523268346975062,6.420360483380418,0.11855670103092783,0.11855670103092783,2.0537489106318216,0.0,0,0,0
B0_fixed_conservative_assertive,B0,fixed_conservative,assertive,48,10.400000154972076,8.450000125914812,1150.4571414142847,1160.8571415692568,1152.407141443342,0.0,1.0,1.1202449141500805,4.600939096258628,0.0,1.0,1.5000000223517418,0.9904306220095693,0.009569377990430622,0.11463431820772949,5.1967209736636475,6.351538525507184,2.936336695607364,0.15789473684210525,0.15789473684210525,2.053748910631823,0.0,0,0,0
B0_fixed_conservative_assertive,B0,fixed_conservative,assertive,49,10.150000151246786,8.200000122189522,1171.7472655065358,1181.8972656577826,1173.697265535593,0.0,1.0,1.3280720890157522,4.789638878930769,0.0,1.0,1.3000000193715096,0.9950980392156863,0.004901960784313725,0.06475449709852217,6.0560133104223155,5.6556783482304,3.8054057689701697,0.13725490196078433,0.13725490196078433,2.0537489106318225,0.0,0,0,0
B0_fixed_conservative_assertive,B0,fixed_conservative,assertive,50,10.750000160187483,8.800000131130219,1193.7010456994176,1204.451045859605,1195.6510457284749,0.0,1.0,1.7943220624622105,5.12457127309502,0.0,1.0,1.3500000201165676,0.9953703703703703,0.004629629629629629,0.06703401415348836,5.37722445240965,5.399477371710471,4.461272781994658,0.13425925925925927,0.13425925925925927,2.053748910631823,0.0,0,0,0
B0_fixed_conservative_reactive,B0,fixed_conservative,reactive,46,12.000000178813934,9.500000141561031,1229.9963356256485,1241.9963358044624,1232.4963356629014,0.0,1.0,0.8362612801950774,4.328666300641161,0.0,1.0,1.4500000216066837,0.995850622406639,0.004149377593360996,0.06388825122500001,4.3146918265412815,5.3929124338513965,3.127760945362573,0.16182572614107885,0.16182572614107885,2.0537489106318243,0.0,15,0,0
B0_fixed_conservative_reactive,B0,fixed_conservative,reactive,47,9.650000143796206,7.700000114738941,1256.7085968740284,1266.3585970178246,1258.6585969030857,0.0,1.0,1.3886143236243949,4.724220455669827,0.0,1.0,1.2500000186264515,1.0,0.0,0.06655103381958762,4.877852717028568,4.528419349451039,6.430364661256763,0.11855670103092783,0.11855670103092783,2.0537489106318216,0.0,0,0,0
B0_fixed_conservative_reactive,B0,fixed_conservative,reactive,48,10.200000151991844,7.750000115483999,1278.3458674699068,1288.5458676218987,1280.7958675064147,0.0,1.0,1.1135981441195715,4.573998740390101,0.0,1.0,1.5000000223517418,0.9902439024390244,0.00975609756097561,0.06259609045320196,5.197365006371157,6.297394416254208,2.925395867257154,0.2097560975609756,0.2097560975609756,2.053748910631822,0.0,10,0,0
B0_fixed_conservative_reactive,B0,fixed_conservative,reactive,49,11.000000163912773,8.700000129640102,1300.5157991610467,1311.5157993249595,1302.8157991953194,0.0,1.0,1.165003137602753,4.618637311065786,0.0,1.0,1.5000000223517418,0.995475113122172,0.004524886877828055,0.06529007471818181,6.052045725380008,6.265941064456085,3.5093385814229836,0.1583710407239819,0.1583710407239819,2.0537489106318234,0.0,9,0,0
B0_fixed_conservative_reactive,B0,fixed_conservative,reactive,50,12.250000182539225,10.30000015348196,1324.4739057198167,1336.723905902356,1326.423905748874,0.0,1.0,1.800793579111046,5.129878523954626,0.0,1.0,1.3500000201165676,0.9959349593495935,0.0040650406504065045,0.06518598084489795,5.357967706531859,4.47039135044215,3.9483981287403975,0.11788617886178862,0.11788617886178862,2.053748910631825,0.0,0,0,0
B0_adaptive_assertive,B0,adaptive,assertive,46,9.950000148266554,8.00000011920929,1361.993725553155,1371.9437257014215,1363.9437255822122,0.0,1.0,0.9857434305774737,4.506352410328392,0.0,1.0,1.1500000171363354,0.995,0.005,0.08751651793969849,4.432135371448352,4.974877639422832,3.9387416389053405,0.14,0.14,1.379091728705737,1.0,0,0,0
B0_adaptive_assertive,B0,adaptive,assertive,47,9.300000138580799,7.300000108778477,1383.1877849437296,1392.4877850823104,1385.187784973532,0.0,1.0,1.0605223381896305,4.504620537136418,0.0,1.0,1.1000000163912773,1.0,0.0,0.08723692498930481,4.879037425524841,5.387638908595769,6.462453324841145,0.12834224598930483,0.12834224598930483,1.382256701545851,1.0,0,0,0
B0_adaptive_assertive,B0,adaptive,assertive,48,9.80000014603138,7.850000116974115,1406.7219055593014,1416.5219057053328,1408.6719055883586,0.0,1.0,1.0971343840282635,4.581856431479101,0.0,1.0,1.5000000223517418,0.9949238578680203,0.005076142131979695,0.08552837526020407,5.217192741532707,6.550702351526803,3.1092199276194434,0.16751269035532995,0.16751269035532995,1.381411762584373,1.0,0,0,0
B0_adaptive_assertive,B0,adaptive,assertive,49,11.200000166893005,9.250000137835741,1429.5139967277646,1440.7139968946576,1431.4639967568219,0.0,1.0,1.318228332091092,4.780819858407951,0.0,1.0,1.2500000186264515,0.9955555555555555,0.0044444444444444444,0.08423030305357145,6.1097522748948805,4.798539358327945,3.4330916602143904,0.12444444444444444,0.12444444444444444,1.3675524063643671,1.0,0,0,0
B0_adaptive_assertive,B0,adaptive,assertive,50,10.650000158697367,8.700000129640102,1454.5470939166844,1465.1970940753818,1456.4970939457417,0.0,1.0,1.7862528338542212,5.117722731024392,0.0,1.0,1.3500000201165676,0.9953271028037384,0.004672897196261682,0.08782518607511737,5.375066110227196,5.18881655660758,4.440917463762621,0.13551401869158877,0.13551401869158877,1.3740600662795481,1.0,0,0,0
B0_adaptive_reactive,B0,adaptive,reactive,46,11.800000175833702,9.300000138580799,1490.501574754715,1502.3015749305487,1493.0015747919679,0.0,1.0,0.842359478288727,4.33331888056235,0.0,1.0,1.4500000216066837,0.9957805907172996,0.004219409282700422,0.09491873999152543,4.458324522892723,5.459241069015035,3.2289327793973897,0.16455696202531644,0.16455696202531644,1.3870535780337052,1.0,15,0,0
B0_adaptive_reactive,B0,adaptive,reactive,47,9.700000144541264,7.750000115483999,1516.9967816621065,1526.6967818066478,1518.9467816911638,0.0,1.0,1.3305977714176649,4.682221342576581,0.0,1.0,1.2500000186264515,1.0,0.0,0.09637073170256412,4.879045134841219,4.554029282989277,6.1356261739786655,0.11794871794871795,0.11794871794871795,1.3778145053480761,1.0,0,0,0
B0_adaptive_reactive,B0,adaptive,reactive,48,11.900000177323818,9.450000140815973,1540.2483056373894,1552.1483058147132,1542.6983056738973,0.0,1.0,1.1117454270838907,4.572316108375641,0.0,1.0,1.5000000223517418,0.99581589958159,0.0041841004184100415,0.09377102007563025,5.21718649626885,5.251815894775128,2.634702563622394,0.1799163179916318,0.1799163179916318,1.384817155757191,1.0,10,0,0
B0_adaptive_reactive,B0,adaptive,reactive,49,10.450000155717134,8.150000121444464,1566.3727569393814,1576.8227570950985,1568.672756973654,0.0,1.0,1.1657956614458769,4.647654204639218,0.0,1.0,1.3500000201165676,0.9952380952380953,0.004761904761904762,0.09322545411483252,6.13111927406225,5.893699936944141,3.5509284417516773,0.16666666666666666,0.16666666666666666,1.3903506247072985,1.0,9,0,0
B0_adaptive_reactive,B0,adaptive,reactive,50,10.650000158697367,8.700000129640102,1590.1498715244234,1600.7998716831207,1592.0998715534806,0.0,1.0,1.7847036197170305,5.116387124409364,0.0,1.0,1.3500000201165676,0.9953271028037384,0.004672897196261682,0.09967230338967135,5.375078584815245,5.189152784550072,4.43534349259094,0.13551401869158877,0.13551401869158877,1.3740601288519032,1.0,0,0,0
