predictor,risk_policy,target_style,ego_init_id,target_clearance_adjusted_completion_delay_s,min_footprint_separation_m,solver_failure_fraction,supervisor_active_fraction,footprint_collision,yield_order_valid,reactive_active_samples,target_offset_m,offset_label,source_batch,source_cell_id
B0,adaptive,assertive,46,9.80000014603138,0.8370287739243075,0.0,0.1440329218106996,0.0,1.0,0,-3.0,m3,day11_shifted,B0_adaptive_assertive_offset_m3
B0,adaptive,assertive,47,8.400000125169754,1.531592968767848,0.0,0.13488372093023257,0.0,1.0,0,-3.0,m3,day11_shifted,B0_adaptive_assertive_offset_m3
B0,adaptive,assertive,48,9.150000136345625,1.0942661858995795,0.0,0.17391304347826086,0.0,1.0,0,-3.0,m3,day11_shifted,B0_adaptive_assertive_offset_m3
B0,adaptive,assertive,49,8.25000012293458,1.1459751803178315,0.0,0.1650943396226415,0.0,1.0,0,-3.0,m3,day11_shifted,B0_adaptive_assertive_offset_m3
B0,adaptive,assertive,50,8.550000127404928,1.7006297298009498,0.0,0.1651376146788991,0.0,1.0,0,-3.0,m3,day11_shifted,B0_adaptive_assertive_offset_m3
B0,adaptive,assertive,46,8.00000011920929,0.9857434305774737,0.005,0.14,0.0,1.0,0,0.0,0,day10_nominal,B0_adaptive_assertive
B0,adaptive,assertive,47,7.300000108778477,1.0605223381896305,0.0,0.12834224598930483,0.0,1.0,0,0.0,0,day10_nominal,B0_adaptive_assertive
B0,adaptive,assertive,48,7.850000116974115,1.0971343840282635,0.005076142131979695,0.16751269035532995,0.0,1.0,0,0.0,0,day10_nominal,B0_adaptive_assertive
B0,adaptive,assertive,49,9.250000137835741,1.318228332091092,0.0044444444444444444,0.12444444444444444,0.0,1.0,0,0.0,0,day10_nominal,B0_adaptive_assertive
B0,adaptive,assertive,50,8.700000129640102,1.7862528338542212,0.004672897196261682,0.13551401869158877,0.0,1.0,0,0.0,0,day10_nominal,B0_adaptive_assertive
B0,adaptive,assertive,46,9.150000136345625,1.424610870937228,0.023148148148148147,0.09722222222222222,0.0,1.0,0,3.0,p3,day11_shifted,B0_adaptive_assertive_offset_p3
B0,adaptive,assertive,47,11.10000016540289,2.399104948449219,0.011811023622047244,0.06299212598425197,0.0,1.0,0,3.0,p3,day11_shifted,B0_adaptive_assertive_offset_p3
B0,adaptive,assertive,48,8.350000124424696,1.3443117001965343,0.03,0.135,0.0,1.0,0,3.0,p3,day11_shifted,B0_adaptive_assertive_offset_p3
B0,adaptive,assertive,49,10.250000152736902,1.8620490047111558,0.025210084033613446,0.09243697478991597,0.0,1.0,0,3.0,p3,day11_shifted,B0_adaptive_assertive_offset_p3
B0,adaptive,assertive,50,8.200000122189522,2.560917569895594,0.02040816326530612,0.11224489795918367,0.0,1.0,0,3.0,p3,day11_shifted,B0_adaptive_assertive_offset_p3
B0,adaptive,reactive,46,10.800000160932541,0.8350587523883708,0.0,0.16423357664233576,0.0,1.0,16,-3.0,m3,day11_shifted,B0_adaptive_reactive_offset_m3
B0,adaptive,reactive,47,10.30000015348196,1.2588492758699676,0.0,0.15151515151515152,0.0,1.0,17,-3.0,m3,day11_shifted,B0_adaptive_reactive_offset_m3
B0,adaptive,reactive,48,10.200000151991844,1.1211388140404854,0.0,0.17578125,0.0,1.0,9,-3.0,m3,day11_shifted,B0_adaptive_reactive_offset_m3
B0,adaptive,reactive,49,8.550000127404928,1.1494230957378415,0.0,0.20087336244541484,0.0,1.0,17,-3.0,m3,day11_shifted,B0_adaptive_reactive_offset_m3
B0,adaptive,reactive,50,9.650000143796206,1.528786447415288,0.0,0.184,0.0,1.0,16,-3.0,m3,day11_shifted,B0_adaptive_reactive_offset_m3
B0,adaptive,reactive,46,9.300000138580799,0.842359478288727,0.004219409282700422,0.16455696202531644,0.0,1.0,15,0.0,0,day10_nominal,B0_adaptive_reactive
B0,adaptive,reactive,47,7.750000115483999,1.3305977714176649,0.0,0.11794871794871795,0.0,1.0,0,0.0,0,day10_nominal,B0_adaptive_reactive
B0,adaptive,reactive,48,9.450000140815973,1.1117454270838907,0.0041841004184100415,0.1799163179916318,0.0,1.0,10,0.0,0,day10_nominal,B0_adaptive_reactive
B0,adaptive,reactive,49,8.150000121444464,1.1657956614458769,0.004761904761904762,0.16666666666666666,0.0,1.0,9,0.0,0,day10_nominal,B0_adaptive_reactive
B0,adaptive,reactive,50,8.700000129640102,1.7847036197170305,0.004672897196261682,0.13551401869158877,0.0,1.0,0,0.0,0,day10_nominal,B0_adaptive_reactive
B0,adaptive,reactive,46,9.00000013411045,1.4978148173203212,0.023474178403755867,0.09859154929577464,0.0,1.0,0,3.0,p3,day11_shifted,B0_adaptive_reactive_offset_p3
B0,adaptive,reactive,47,9.100000135600567,2.1693489041697758,0.009302325581395349,0.07441860465116279,0.0,1.0,0,3.0,p3,day11_shifted,B0_adaptive_reactive_offset_p3
B0,adaptive,reactive,48,8.350000124424696,1.343232042886178,0.03,0.135,0.0,1.0,0,3.0,p3,day11_shifted,B0_adaptive_reactive_offset_p3
B0,adaptive,reactive,49,8.25000012293458,1.5519451692863895,0.020100502512562814,0.10552763819095477,0.0,1.0,0,3.0,p3,day11_shifted,B0_adaptive_reactive_offset_p3
B0,adaptive,reactive,50,8.150000121444464,2.6511919633988117,0.020512820512820513,0.11282051282051282,0.0,1.0,0,3.0,p3,day11_shifted,B0_adaptive_reactive_offset_p3
B0,fixed_medium,assertive,46,10.900000162422657,0.8220087663268131,0.0,0.1320754716981132,0.0,1.0,0,-3.0,m3,day11_shifted,B0_fixed_medium_assertive_offset_m3
B0,fixed_medium,assertive,47,9.050000134855509,1.6366929927543665,0.0,0.1277533039647577,0.0,1.0,0,-3.0,m3,day11_shifted,B0_fixed_medium_assertive_offset_m3
B0,fixed_medium,assertive,48,8.200000122189522,1.1330181198942735,0.0,0.19339622641509435,0.0,1.0,0,-3.0,m3,day11_shifted,B0_fixed_medium_assertive_offset_m3
B0,fixed_medium,assertive,49,8.25000012293458,1.152176131084975,0.0,0.1650943396226415,0.0,1.0,0,-3.0,m3,day11_shifted,B0_fixed_medium_assertive_offset_m3
B0,fixed_medium,assertive,50,7.800000116229057,1.7072547495010553,0.0,0.17733990147783252,0.0,1.0,0,-3.0,m3,day11_shifted,B0_fixed_medium_assertive_offset_m3
B0,fixed_medium,assertive,46,8.00000011920929,0.9985051398890123,0.01,0.14,0.0,1.0,0,0.0,0,day10_nominal,B0_fixed_medium_assertive
B0,fixed_medium,assertive,47,7.750000115483999,1.3423906660755125,0.0,0.11794871794871795,0.0,1.0,0,0.0,0,day10_nominal,B0_fixed_medium_assertive
B0,fixed_medium,assertive,48,8.900000132620335,1.1798502812780556,0.009174311926605505,0.15137614678899083,0.0,1.0,0,0.0,0,day10_nominal,B0_fixed_medium_assertive
B0,fixed_medium,assertive,49,8.50000012665987,1.354768927495582,0.004784688995215311,0.1339712918660287,0.0,1.0,0,0.0,0,day10_nominal,B0_fixed_medium_assertive
B0,fixed_medium,assertive,50,8.00000011920929,1.7572696851253733,0.005,0.145,0.0,1.0,0,0.0,0,day10_nominal,B0_fixed_medium_assertive
B0,fixed_medium,assertive,46,8.600000128149986,1.3627315889040674,0.019417475728155338,0.10194174757281553,0.0,1.0,0,3.0,p3,day11_shifted,B0_fixed_medium_assertive_offset_p3
B0,fixed_medium,assertive,47,8.600000128149986,1.9712263829645906,0.014634146341463415,0.07804878048780488,0.0,1.0,0,3.0,p3,day11_shifted,B0_fixed_medium_assertive_offset_p3
B0,fixed_medium,assertive,48,8.25000012293458,1.370176790247036,0.030303030303030304,0.13636363636363635,0.0,1.0,0,3.0,p3,day11_shifted,B0_fixed_medium_assertive_offset_p3
B0,fixed_medium,assertive,49,9.050000134855509,1.5351177280861894,0.018691588785046728,0.102803738317757,0.0,1.0,0,3.0,p3,day11_shifted,B0_fixed_medium_assertive_offset_p3
B0,fixed_medium,assertive,50,12.10000018030405,2.1934152733894607,0.01090909090909091,0.08,0.0,1.0,0,3.0,p3,day11_shifted,B0_fixed_medium_assertive_offset_p3
B0,fixed_medium,reactive,46,10.800000160932541,0.833643765285866,0.0,0.16423357664233576,0.0,1.0,16,-3.0,m3,day11_shifted,B0_fixed_medium_reactive_offset_m3
B0,fixed_medium,reactive,47,9.200000137090683,1.373765235429552,0.0,0.16597510373443983,0.0,1.0,17,-3.0,m3,day11_shifted,B0_fixed_medium_reactive_offset_m3
B0,fixed_medium,reactive,48,10.55000015720725,1.1151347882304912,0.0,0.17110266159695817,0.0,1.0,9,-3.0,m3,day11_shifted,B0_fixed_medium_reactive_offset_m3
B0,fixed_medium,reactive,49,8.650000128895044,1.1633966090662182,0.0,0.19913419913419914,0.0,1.0,17,-3.0,m3,day11_shifted,B0_fixed_medium_reactive_offset_m3
B0,fixed_medium,reactive,50,10.500000156462193,1.5670601099606838,0.0,0.17228464419475656,0.0,1.0,16,-3.0,m3,day11_shifted,B0_fixed_medium_reactive_offset_m3
B0,fixed_medium,reactive,46,9.55000014230609,0.8390618828096366,0.004132231404958678,0.16115702479338842,0.0,1.0,15,0.0,0,day10_nominal,B0_fixed_medium_reactive
B0,fixed_medium,reactive,47,7.300000108778477,1.1073864239981686,0.0,0.12834224598930483,0.0,1.0,0,0.0,0,day10_nominal,B0_fixed_medium_reactive
B0,fixed_medium,reactive,48,9.400000140070915,1.1184883358607784,0.004201680672268907,0.18067226890756302,0.0,1.0,10,0.0,0,day10_nominal,B0_fixed_medium_reactive
B0,fixed_medium,reactive,49,8.800000131130219,1.1561054928566235,0.004484304932735426,0.15695067264573992,0.0,1.0,9,0.0,0,day10_nominal,B0_fixed_medium_reactive
B0,fixed_medium,reactive,50,10.150000151246786,1.7972736600469343,0.00411522633744856,0.11934156378600823,0.0,1.0,0,0.0,0,day10_nominal,B0_fixed_medium_reactive
B0,fixed_medium,reactive,46,7.400000110268593,1.398731668052346,0.02197802197802198,0.11538461538461539,0.0,1.0,0,3.0,p3,day11_shifted,B0_fixed_medium_reactive_offset_p3
B0,fixed_medium,reactive,47,8.600000128149986,1.9794918919070927,0.014634146341463415,0.07804878048780488,0.0,1.0,0,3.0,p3,day11_shifted,B0_fixed_medium_reactive_offset_p3
B0,fixed_medium,reactive,48,8.300000123679638,1.3376157025732864,0.035175879396984924,0.135678391959799,0.0,1.0,0,3.0,p3,day11_shifted,B0_fixed_medium_reactive_offset_p3
B0,fixed_medium,reactive,49,9.100000135600567,1.53941094061475,0.018604651162790697,0.10232558139534884,0.0,1.0,0,3.0,p3,day11_shifted,B0_fixed_medium_reactive_offset_p3
B0,fixed_medium,reactive,50,10.650000158697367,2.2532605151680865,0.012195121951219513,0.08943089430894309,0.0,1.0,0,3.0,p3,day11_shifted,B0_fixed_medium_reactive_offset_p3
B1,adaptive,assertive,46,9.050000134855509,1.0894587581632922,0.0,0.15789473684210525,0.0,1.0,0,-3.0,m3,day11_shifted,B1_adaptive_assertive_offset_m3
B1,adaptive,assertive,47,7.450000111013651,0.9317100313466999,0.0,0.15736040609137056,0.0,1.0,0,-3.0,m3,day11_shifted,B1_adaptive_assertive_offset_m3
B1,adaptive,assertive,48,9.300000138580799,1.1115256578964077,0.0,0.17167381974248927,0.0,1.0,0,-3.0,m3,day11_shifted,B1_adaptive_assertive_offset_m3
B1,adaptive,assertive,49,8.300000123679638,1.177241050664736,0.0,0.1643192488262911,0.0,1.0,0,-3.0,m3,day11_shifted,B1_adaptive_assertive_offset_m3
B1,adaptive,assertive,50,8.600000128149986,1.0448783337202778,0.0,0.1461187214611872,0.0,1.0,0,-3.0,m3,day11_shifted,B1_adaptive_assertive_offset_m3
B1,adaptive,assertive,46,7.900000117719173,0.9861039421566887,0.005050505050505051,0.1414141414141414,0.0,1.0,0,0.0,0,day10_nominal,B1_adaptive_assertive
B1,adaptive,assertive,47,7.200000107288361,1.0344460919996392,0.0,0.12972972972972974,0.0,1.0,0,0.0,0,day10_nominal,B1_adaptive_assertive
B1,adaptive,assertive,48,10.500000156462193,1.1350885312938095,0.004,0.132,0.0,1.0,0,0.0,0,day10_nominal,B1_adaptive_assertive
B1,adaptive,assertive,49,8.200000122189522,1.3294770603890116,0.004901960784313725,0.13725490196078433,0.0,1.0,0,0.0,0,day10_nominal,B1_adaptive_assertive
B1,adaptive,assertive,50,8.75000013038516,1.7853060353707149,0.004651162790697674,0.13488372093023257,0.0,1.0,0,0.0,0,day10_nominal,B1_adaptive_assertive
B1,adaptive,assertive,46,8.75000013038516,1.4895721653635816,0.02403846153846154,0.10096153846153846,0.0,1.0,0,3.0,p3,day11_shifted,B1_adaptive_assertive_offset_p3
B1,adaptive,assertive,47,9.900000147521496,2.2630227490932766,0.012987012987012988,0.06926406926406926,0.0,1.0,0,3.0,p3,day11_shifted,B1_adaptive_assertive_offset_p3
B1,adaptive,assertive,48,8.350000124424696,1.342221461731122,0.03,0.135,0.0,1.0,0,3.0,p3,day11_shifted,B1_adaptive_assertive_offset_p3
B1,adaptive,assertive,49,7.750000115483999,1.7105531437299546,0.026595744680851064,0.11702127659574468,0.0,1.0,0,3.0,p3,day11_shifted,B1_adaptive_assertive_offset_p3
B1,adaptive,assertive,50,8.200000122189522,2.56089014075487,0.02040816326530612,0.11224489795918367,0.0,1.0,0,3.0,p3,day11_shifted,B1_adaptive_assertive_offset_p3
B1,adaptive,reactive,46,8.600000128149986,0.8270762872789216,0.0,0.1965065502183406,0.0,1.0,16,-3.0,m3,day11_shifted,B1_adaptive_reactive_offset_m3
B1,adaptive,reactive,47,7.1000001057982445,0.6049815449441112,0.0,0.208955223880597,0.0,1.0,18,-3.0,m3,day11_shifted,B1_adaptive_reactive_offset_m3
B1,adaptive,reactive,48,9.650000143796206,1.097698537598346,0.0,0.1836734693877551,0.0,1.0,9,-3.0,m3,day11_shifted,B1_adaptive_reactive_offset_m3
B1,adaptive,reactive,49,8.550000127404928,1.143064855597277,0.0,0.20087336244541484,0.0,1.0,17,-3.0,m3,day11_shifted,B1_adaptive_reactive_offset_m3
B1,adaptive,reactive,50,9.55000014230609,1.568248724288873,0.0,0.18548387096774194,0.0,1.0,16,-3.0,m3,day11_shifted,B1_adaptive_reactive_offset_m3
B1,adaptive,reactive,46,9.450000140815973,0.8385478450793392,0.004166666666666667,0.1625,0.0,1.0,15,0.0,0,day10_nominal,B1_adaptive_reactive
B1,adaptive,reactive,47,7.250000108033419,1.0166451664745086,0.0,0.12903225806451613,0.0,1.0,0,0.0,0,day10_nominal,B1_adaptive_reactive
B1,adaptive,reactive,48,9.250000137835741,1.122764224844698,0.00851063829787234,0.1829787234042553,0.0,1.0,10,0.0,0,day10_nominal,B1_adaptive_reactive
B1,adaptive,reactive,49,7.9500001184642315,1.215280911937039,0.0048543689320388345,0.16990291262135923,0.0,1.0,9,0.0,0,day10_nominal,B1_adaptive_reactive
B1,adaptive,reactive,50,9.050000134855509,1.8078267845874658,0.004524886877828055,0.13122171945701358,0.0,1.0,0,0.0,0,day10_nominal,B1_adaptive_reactive
B1,adaptive,reactive,46,8.950000133365393,1.6110500913001997,0.02830188679245283,0.09905660377358491,0.0,1.0,0,3.0,p3,day11_shifted,B1_adaptive_reactive_offset_p3
B1,adaptive,reactive,47,10.150000151246786,2.461338206385538,0.012711864406779662,0.07203389830508475,0.0,1.0,0,3.0,p3,day11_shifted,B1_adaptive_reactive_offset_p3
B1,adaptive,reactive,48,7.450000111013651,1.2777533432920585,0.03260869565217391,0.15217391304347827,0.0,1.0,0,3.0,p3,day11_shifted,B1_adaptive_reactive_offset_p3
B1,adaptive,reactive,49,8.550000127404928,1.9645946289529255,0.029556650246305417,0.10837438423645321,0.0,1.0,0,3.0,p3,day11_shifted,B1_adaptive_reactive_offset_p3
B1,adaptive,reactive,50,8.200000122189522,2.8770398825220957,0.020512820512820513,0.11282051282051282,0.0,1.0,0,3.0,p3,day11_shifted,B1_adaptive_reactive_offset_p3
B1,fixed_medium,assertive,46,9.850000146776438,0.8375614685697513,0.0,0.14344262295081966,0.0,1.0,0,-3.0,m3,day11_shifted,B1_fixed_medium_assertive_offset_m3
B1,fixed_medium,assertive,47,7.200000107288361,0.9105402021446383,0.0,0.16145833333333334,0.0,1.0,0,-3.0,m3,day11_shifted,B1_fixed_medium_assertive_offset_m3
B1,fixed_medium,assertive,48,8.50000012665987,1.1266536759746595,0.0,0.18433179723502305,0.0,1.0,0,-3.0,m3,day11_shifted,B1_fixed_medium_assertive_offset_m3
B1,fixed_medium,assertive,49,8.25000012293458,1.1606573750602105,0.0,0.1650943396226415,0.0,1.0,0,-3.0,m3,day11_shifted,B1_fixed_medium_assertive_offset_m3
B1,fixed_medium,assertive,50,8.550000127404928,1.699625218846003,0.0,0.1651376146788991,0.0,1.0,0,-3.0,m3,day11_shifted,B1_fixed_medium_assertive_offset_m3
B1,fixed_medium,assertive,46,7.850000116974115,0.9869335922513305,0.005076142131979695,0.14213197969543148,0.0,1.0,0,0.0,0,day10_nominal,B1_fixed_medium_assertive
B1,fixed_medium,assertive,47,7.200000107288361,1.0298477829869916,0.0,0.12972972972972974,0.0,1.0,0,0.0,0,day10_nominal,B1_fixed_medium_assertive
B1,fixed_medium,assertive,48,10.500000156462193,1.1238280588666003,0.008,0.132,0.0,1.0,0,0.0,0,day10_nominal,B1_fixed_medium_assertive
B1,fixed_medium,assertive,49,8.550000127404928,1.3447483746359856,0.004761904761904762,0.13333333333333333,0.0,1.0,0,0.0,0,day10_nominal,B1_fixed_medium_assertive
B1,fixed_medium,assertive,50,10.250000152736902,1.7972486940575538,0.004081632653061225,0.11836734693877551,0.0,1.0,0,0.0,0,day10_nominal,B1_fixed_medium_assertive
B1,fixed_medium,assertive,46,8.150000121444464,1.2474763878528858,0.02030456852791878,0.1065989847715736,0.0,1.0,0,3.0,p3,day11_shifted,B1_fixed_medium_assertive_offset_p3
B1,fixed_medium,assertive,47,7.550000112503767,1.8189276859497985,0.016216216216216217,0.08648648648648649,0.0,1.0,0,3.0,p3,day11_shifted,B1_fixed_medium_assertive_offset_p3
B1,fixed_medium,assertive,48,8.350000124424696,1.3501594772096865,0.03,0.135,0.0,1.0,0,3.0,p3,day11_shifted,B1_fixed_medium_assertive_offset_p3
B1,fixed_medium,assertive,49,8.950000133365393,1.5410174992925978,0.018867924528301886,0.10377358490566038,0.0,1.0,0,3.0,p3,day11_shifted,B1_fixed_medium_assertive_offset_p3
B1,fixed_medium,assertive,50,8.800000131130219,2.301375929388576,0.014423076923076924,0.10576923076923077,0.0,1.0,0,3.0,p3,day11_shifted,B1_fixed_medium_assertive_offset_p3
B1,fixed_medium,reactive,46,8.200000122189522,0.8137561891071389,0.0,0.20270270270270271,0.0,1.0,16,-3.0,m3,day11_shifted,B1_fixed_medium_reactive_offset_m3
B1,fixed_medium,reactive,47,7.500000111758709,0.9618869950086008,0.0,0.1971153846153846,0.0,1.0,18,-3.0,m3,day11_shifted,B1_fixed_medium_reactive_offset_m3
B1,fixed_medium,reactive,48,10.600000157952309,1.1092748609712701,0.0,0.17045454545454544,0.0,1.0,9,-3.0,m3,day11_shifted,B1_fixed_medium_reactive_offset_m3
B1,fixed_medium,reactive,49,8.550000127404928,1.1527320493977176,0.0,0.20087336244541484,0.0,1.0,17,-3.0,m3,day11_shifted,B1_fixed_medium_reactive_offset_m3
B1,fixed_medium,reactive,50,9.150000136345625,1.5190175367224694,0.0,0.19166666666666668,0.0,1.0,16,-3.0,m3,day11_shifted,B1_fixed_medium_reactive_offset_m3
B1,fixed_medium,reactive,46,9.350000139325857,0.8439250634200585,0.004201680672268907,0.1638655462184874,0.0,1.0,15,0.0,0,day10_nominal,B1_fixed_medium_reactive
B1,fixed_medium,reactive,47,7.300000108778477,1.0386985900543304,0.0,0.12834224598930483,0.0,1.0,0,0.0,0,day10_nominal,B1_fixed_medium_reactive
B1,fixed_medium,reactive,48,7.750000115483999,1.1185054978253999,0.004878048780487805,0.2097560975609756,0.0,1.0,10,0.0,0,day10_nominal,B1_fixed_medium_reactive
B1,fixed_medium,reactive,49,10.250000152736902,1.1585835591023623,0.003968253968253968,0.1388888888888889,0.0,1.0,9,0.0,0,day10_nominal,B1_fixed_medium_reactive
B1,fixed_medium,reactive,50,10.30000015348196,1.7972202793308303,0.0040650406504065045,0.11788617886178862,0.0,1.0,0,0.0,0,day10_nominal,B1_fixed_medium_reactive
B1,fixed_medium,reactive,46,7.400000110268593,1.3758062755631613,0.02197802197802198,0.11538461538461539,0.0,1.0,0,3.0,p3,day11_shifted,B1_fixed_medium_reactive_offset_p3
B1,fixed_medium,reactive,47,8.200000122189522,1.7131931636604927,0.015151515151515152,0.08080808080808081,0.0,1.0,0,3.0,p3,day11_shifted,B1_fixed_medium_reactive_offset_p3
B1,fixed_medium,reactive,48,8.350000124424696,1.33608938540588,0.035,0.135,0.0,1.0,0,3.0,p3,day11_shifted,B1_fixed_medium_reactive_offset_p3
B1,fixed_medium,reactive,49,7.750000115483999,1.5436096417099567,0.02127659574468085,0.11702127659574468,0.0,1.0,0,3.0,p3,day11_shifted,B1_fixed_medium_reactive_offset_p3
B1,fixed_medium,reactive,50,10.650000158697367,2.256984751673048,0.012195121951219513,0.08943089430894309,0.0,1.0,0,3.0,p3,day11_shifted,B1_fixed_medium_reactive_offset_p3
