t,step,ey,epsi_deg,speed,vehicle_accel,cmd_accel,cmd_yaw_or_steer,final_accel_delta,solve_time_ms,risk_tightening,target_prob,ego_distance_to_conflict,supervisor_active,target_cleared,top_mode_probability
0,0,-0.7433716792,-0.1383225581,7.73884821,-4.077339158,-0.6055430714,0.1464004839,0.2999996967,105.856873,1.64,0.9494974165,,0,0,0.3333333333
0.05,1,-0.7416921208,-0.00932314992,7.933355288,3.88636031,-4,0.1742659284,2.850422439,38.406014,1.64,0.9494974165,13.08505726,1,0,0.3333333333
0.1,2,-0.7325173512,-2.289030402,7.70077686,-4.667781411,-4,0.1742659284,2.308270735,88.887716,1.64,0.9494974165,13.08505726,1,0,0.3333333333
0.15,3,-0.7369901367,-1.671385138,7.849347787,2.937207451,-6,0.1742659284,4.585659946,44.830394,1.64,0.9494974165,11.89755149,1,0,0.3333333333
0.2,4,-0.7349909316,-0.8928514408,7.563541378,-5.753188098,-7,0.1742659284,5.185758781,68.138027,1.64,0.9494974165,11.89755149,1,0,0.3333333333
0.25,5,-0.7459259954,-4.541982571,7.662127279,1.922247388,-7,0.1742659284,7.000006658,44.283051,1.64,0.9494974165,11.89755149,1,0,0.3333333333
0.3,6,-0.7605268104,-3.5910844,7.298787058,-7.30836629,-7,0.1742659284,6.999900592,21.779359,1.64,0.9494974165,10.72204571,1,0,0.3333333333
0.35,7,-0.7681950699,-2.59752194,7.350724003,0.9852957573,-7,0.1742659284,7.000001229,43.552359,1.64,0.9494974165,10.72204571,1,0,0.3333333333
0.4,8,-0.7898136502,-6.157047556,6.95945474,-7.866972232,-7,0.1742659284,6.999963884,48.132935,1.64,0.9494974165,10.72204571,1,0,0.3333333333
0.45,9,-0.8123055034,-5.158816145,7.002556364,0.8065638593,-7,0.1742659284,6.999990056,48.84912,1.64,0.9494974165,9.570539899,1,0,0.3333333333
0.5,10,-0.8281740594,-4.182404326,6.589779641,-8.297986878,-7,0.1742659284,6.999882881,24.107229,1.64,0.9494974165,9.570539899,1,0,0.3333333333
0.55,11,-0.8520070005,-7.7589603,6.629874719,0.7446079849,-7,0.1742659284,7.000005446,101.98072,1.64,0.9494974165,9.570539899,1,0,0.3333333333
0.6,12,-0.8809803351,-6.81944614,6.209996258,-8.439829182,-7,0.1742659284,6.999984854,75.752105,1.64,0.9494974165,9.570539899,1,0,0.3333333333
0.65,13,-0.9037437738,-5.890120083,6.252972133,0.8009187962,-7,0.1742659284,6.941285944,71.502344,1.64,0.9494974165,8.455033997,1,0,0.3333333333
0.7,14,-0.9290381593,-9.545962247,5.829140915,-8.517942239,-7,0.1742659284,6.941378928,109.07464,1.64,0.9494974165,8.455033997,1,0,0.3333333333
0.75,15,-0.9629558883,-8.495487127,5.514184732,-6.340617906,-7,0.1742659284,6.999994292,97.721605,1.64,0.9494974165,8.455033997,1,0,0.3333333333
0.8,16,-0.9888075895,-7.130160245,4.553720874,-19.22282397,-7,0.1742659284,6.998024912,80.611011,1.64,0.9494974165,8.455033997,1,0,0.3333333333
0.85,17,-1.005899172,-6.060916814,3.48932358,-21.30210043,-7,0.1742659284,7.000000039,,1.64,0.9494974165,7.379376717,1,0,0.3333333333
0.9,18,-1.015698208,-5.313266668,2.425773093,-21.28559493,-7,0.1742659284,10.70000003,0,1.64,0.9494974165,7.379376717,1,0,0.4425256252
0.95,19,-1.021082113,-4.827669057,1.261827579,-23.27529217,-7,0.1742659284,10.70000003,0,1.64,0.9494974165,7.379376717,1,0,0.4775147736
1,20,-1.023197597,-4.730352315,0.01036712871,-25.04382991,-7,0.1742659284,7,0,1.64,0.9494974165,7.379376717,1,0,0.5306556225
1.05,21,-1.023261999,-4.730596456,0.004265515156,-0.2672945509,-7,0.1742659284,7,0,1.64,0.9494974165,7.379376717,1,0,0.4782092571
1.1,22,-1.023353724,-4.730749044,0.005357190407,-0.02627444714,-7,0.1742659284,7,0,1.64,0.9494974165,7.379376717,1,0,0.4593863189
1.15,23,-1.023429023,-4.730779561,0.004894420664,0.008836926202,-7,0.1742659284,7,0,1.64,0.9494974165,7.379376717,1,0,0.512322247
1.2,24,-1.023481607,-4.730747136,0.004025109302,0.01739491173,-7,0.1742659284,7,0,1.64,0.9494974165,7.379376717,1,0,0.6071949005
1.25,25,-1.023514663,-4.730716619,0.003162345609,0.0171832616,-7,0.1742659284,7,0,1.64,0.9494974165,7.379376717,1,0,0.8728675842
1.3,26,-1.023537071,-4.730657491,0.002427409025,0.01447758117,-7,0.1742659284,7,0,1.64,0.9494974165,7.379376717,1,0,0.8022765517
1.35,27,-1.023550972,-4.730626974,0.001839510157,0.01144030155,-7,0.1742659284,7,0,1.64,0.9494974165,7.379376717,1,0,0.8575671315
1.4,28,-1.023560095,-4.730596456,0.001383161897,0.00877346921,-7,0.1742659284,7,0,1.64,0.9494974165,7.379376717,1,0,0.89035815
1.45,29,-1.023567516,-4.730564031,0.00103523786,0.006623177003,-7,0.1742659284,7,0,1.64,0.9494974165,7.379376717,1,0,0.8213149309
1.5,30,-1.023571486,-4.730537328,0.0007723310775,0.004955587327,-7,0.1742659284,7,0,1.64,0.9494974165,7.379376717,1,0,0.7338914275
1.55,31,-1.023574575,-4.730504903,0.000575337815,0.003691259033,-7,0.1742659284,7,0,1.64,0.9494974165,7.379376717,1,0,0.8316978216
1.6,32,-1.023576368,-4.730504903,0.000427544813,0.002745398499,-7,0.1742659284,7,0,1.64,0.9494974165,7.379376717,1,0,0.8548571467
1.65,33,-1.023578737,-4.730474386,0.00031749181,0.002031376157,-7,0.1742659284,7,0,1.64,0.9494974165,7.379376717,1,0,0.9306881428
1.7,34,-1.023579664,-4.730474386,0.0002360489727,0.001503783569,-7,0.1742659284,7,0,1.64,0.9494974165,7.379376717,1,0,0.9595520496
1.75,35,-1.02358357,-4.730474386,0.0001117301214,0.002063448707,-7,0.1742659284,7,0,1.64,0.9494974165,7.379376717,1,0,0.9677228332
1.8,36,-1.02358865,-4.730474386,0.0001199785436,-0.0001801770082,-7,0.1742659284,7,0,1.64,0.9494974165,7.379376717,1,0,0.9683843851
1.85,37,-1.023593715,-4.730502996,0.0001029330603,0.0003389753606,-7,0.1742659284,7,0,1.64,0.9494974165,7.379376717,1,0,0.9634494185
1.9,38,-1.023597414,-4.730502996,8.139918066e-05,0.0004298829162,-7,0.1742659284,7,0,1.64,0.9494974165,7.379376717,1,0,0.973507762
1.95,39,-1.023600192,-4.730502996,6.208800205e-05,0.0003848954217,-7,0.1742659284,7,0,1.64,0.9494974165,7.379376717,1,0,0.9783638716
2,40,-1.023602494,-4.730502996,4.657676391e-05,0.0003100159633,-7,0.1742659284,7,0,1.64,0.9494974165,7.379376717,1,0,0.9229947329
2.05,41,-1.023603875,-4.730502996,3.47166905e-05,0.0002371726874,-7,0.1742659284,7,0,1.64,0.9494974165,7.379376717,1,0,0.8841661215
2.1,42,-1.02360594,-4.730502996,2.567368087e-05,0.0001807448219,-7,0.1742659284,7,0,1.64,0.9494974165,7.379376717,1,0,0.7955727577
2.15,43,-1.023606861,-4.730502996,9.694628413e-06,0.000320149631,-7,0.1742659284,7,0,1.64,0.9494974165,7.379376717,1,0,0.5750284791
2.2,44,-1.023607098,-4.730502996,1.336514655e-05,-7.41293343e-05,-7,0.1742659284,7,0,1.64,0.9494974165,7.379376717,1,0,0.7976357341
2.25,45,-1.023607336,-4.730502996,1.218215446e-05,2.353518758e-05,-7,0.1742659284,7,0,1.64,0.9494974165,7.379376717,1,0,0.786523819
2.3,46,-1.023607797,-4.730502996,9.933001977e-06,4.492968998e-05,-7,0.1742659284,7,0,1.64,0.9494974165,7.379376717,1,0,0.7912218571
2.35,47,-1.023607797,-4.730502996,7.650404871e-06,4.554043263e-05,1.8,0.1742659284,-1.8,0,1.64,0.9494974165,7.379376717,0,1,0.7586423755
2.4,48,-1.023608495,-4.730502996,5.761354513e-06,3.788632822e-05,1.8,0.1742659284,-3.6,0,1.64,0.9494974165,7.379376717,0,1,0.8970507383
2.45,49,-1.023608495,-4.730502996,4.350263395e-06,2.815812454e-05,1.8,0.1742659284,-3.6,0,1.64,0.9494974165,7.379376717,0,1,0.810803473
2.5,50,-1.023608956,-4.730502996,3.193593981e-06,2.321447379e-05,1.8,0.1742659284,-3.6,0,1.64,0.9494974165,7.379376717,0,1,0.9212707281
2.55,51,-1.023608956,-4.730502996,0,6.371043706e-05,1.8,0.1742659284,-3.6,0,1.64,0.9494974165,7.379376717,0,1,0.9045199752
2.6,52,-1.023608956,-4.730502996,1.420422594e-06,-2.839758188e-05,1.8,0.1742659284,-3.6,0,1.64,0.9494974165,7.379376717,0,1,0.8336133957
2.65,53,-1.023608956,-4.730502996,1.501202651e-06,-1.575949262e-06,1.8,0.1742659284,-3.6,0,1.64,0.9494974165,7.379376717,0,1,0.8552189469
2.7,54,-1.023608956,-4.730502996,1.225947966e-06,5.55569164e-06,1.8,0.1742659284,-3.6,0,1.64,0.9494974165,7.379376717,0,1,0.8057923913
2.75,55,-1.023608956,-4.730502996,1.006725374e-06,4.400806087e-06,1.8,0.1742659284,-3.6,0,1.64,0.9494974165,7.379376717,0,1,0.7292856574
2.8,56,-1.023608956,-4.730502996,7.155523993e-07,6.012268201e-06,1.8,0.1742659284,-3.6,0,1.64,0.9494974165,7.379376717,0,1,0.5928038359
2.85,57,-1.023608956,-4.730502996,5.281973211e-07,3.507958526e-06,1.8,0.1742659284,-3.6,0,1.64,0.9494974165,7.379376717,0,1,0.7651833296
2.9,58,-1.023608956,-4.730502996,3.994221473e-07,2.54289271e-06,1.8,0.1742659284,-3.6,0,1.64,0.9494974165,7.379376717,0,1,0.5868839025
2.95,59,-1.023608956,-4.730502996,3.506299831e-07,1.541525701e-06,1.8,0.1742659284,-3.6,0,1.64,0.9494974165,7.379376717,0,1,0.4838509858
3,60,-1.023608956,-4.730502996,1.658943107e-07,3.155993875e-06,1.8,0.1742659284,-3.6,0,1.64,0.9494974165,7.379376717,0,1,0.5537638068
3.05,61,-1.023608956,-4.730502996,1.691900705e-07,4.600241645e-07,1.8,0.1742659284,-3.6,0,1.64,0.9494974165,7.379376717,0,1,0.5284674764
3.1,62,-1.023608956,-4.730502996,1.691026704e-07,-3.360798504e-07,1.8,0.1742659284,-3.6,0,1.64,0.9494974165,7.379376717,0,1,0.7344184518
3.15,63,-1.023608956,-4.730502996,2.192335771e-07,6.891979195e-07,1.8,0.4460081477,-1.794258035,59.515889,1.64,0.9494974165,7.379376717,0,1,0.6876045465
3.2,64,-1.023608956,-4.730502996,1.486191833e-07,-5.253742675e-07,1.8,0.4997987558,-1.79975104,99.550063,1.64,0.9494974165,7.379376717,0,1,0.6468578577
3.25,65,-1.023490463,-4.706029806,0.2252767913,4.474996075,1.8,0.4998754237,-1.799832918,97.940894,1.64,0.9494974165,7.379376717,0,1,0.6866198182
3.3,66,-1.021792414,-9.034790294,0.6611153222,8.565913144,1.8,0.4999526576,-1.800057742,54.245162,1.64,0.9494974165,7.379376717,0,1,0.7225487232
3.35,67,-1.020483124,-8.667757289,0.9230874363,5.108213225,1.8,0.4999904011,-1.870606298,116.817452,1.64,0.9494974165,7.379376717,0,1,0.639575839
3.4,68,-1.018244705,-8.208069103,1.089883701,3.267535815,1.8,0.4999137278,-1.798628459,89.891842,1.64,0.9494974165,7.379376717,0,1,0.6530376673
3.45,69,-1.014808308,-7.669924037,1.224126155,2.56496293,1.754480113,0.4999946844,-1.8,47.299638,1.64,0.9494974165,7.379376717,0,1,0.592476368
3.5,70,-1.01025256,-7.078832881,1.419351199,3.807401574,1.8,0.4998600493,-1.799316847,94.039966,1.64,0.9494974165,7.379376717,0,1,0.5784692168
3.55,71,-1.003799063,-6.402294414,1.569818169,2.893660931,1.744628062,0.5000067636,-1.8,26.063146,1.64,0.9494974165,7.379376717,0,1,0.6065615416
3.6,72,-0.9961421512,-5.670948284,1.70779266,2.630636048,1.8,0.4999521089,-1.799783569,64.522387,1.64,0.9494974165,7.379376717,0,1,0.5506874323
3.65,73,-0.9870896834,-4.910999553,1.78304099,1.431346729,1.75824081,0.5000078307,-1.8,26.474892,1.64,0.9494974165,7.379376717,0,1,0.5691613555
3.7,74,-0.9760703826,-4.084678905,1.930185207,2.783134278,1.8,0.4999555715,-1.799696897,42.200137,1.64,0.9494974165,7.379376717,0,1,0.5041148067
3.75,75,-0.9631277091,-3.225281017,2.019944709,1.69326191,1.8,0.4372119767,-1.799999973,23.632547,1.64,0.9494974165,7.379376717,0,1,0.4821324348
3.8,76,-0.9483091261,-2.322151439,2.170019838,2.882616624,1.799979888,0.3448746536,-1.8,47.704508,1.64,0.9494974165,7.379376717,0,1,0.5028113723
3.85,77,-0.9327089101,-1.456276195,2.291282644,2.422150286,1.730984929,0.3472525174,-1.8,77.900139,1.64,0.9494974165,7.379376717,0,1,0.6682337523
3.9,78,-0.9158466684,-0.5896055864,2.466454582,3.437866265,1.8,0.4816280746,-1.792626566,76.122887,1.64,0.9494974165,6.331568209,0,1,0.5955657959
3.95,79,-0.8974211699,-4.196619171,2.604745112,2.591441539,1.72191617,0.484193121,-1.8,74.643242,1.64,0.9494974165,6.331568209,0,1,0.5789842606
4,80,-0.8831519353,-3.122028488,2.787204082,3.407400255,1.7996172,0.3261848613,-1.8,55.941263,1.64,0.9494974165,6.331568209,0,1,0.5781052113
4.05,81,-0.8667386064,-2.053789276,2.969316086,3.571671191,1.705565622,0.3283474145,-1.8,78.828714,1.64,0.9494974165,6.331568209,0,1,0.6104844809
4.1,82,-0.8482633086,-0.9957047882,3.174197872,4.003413829,1.8,0.175731011,-1.780312527,84.953107,1.64,0.9494974165,6.331568209,0,1,0.6144605875
4.15,83,-0.8292983499,-0.04449285889,3.392213302,4.384734222,1.6887796,0.1783465219,-1.8,48.690307,1.64,0.9494974165,6.331568209,0,1,0.6171323657
4.2,84,-0.8100505045,0.7990397034,3.622504741,4.607311717,1.007636563,0.05341978115,-0.9300187083,45.916064,1.64,0.9494974165,6.331568209,0,1,0.6071589589
4.25,85,-0.7883141084,1.642557007,3.847947882,4.437039244,1.787950919,0.2533237847,-1.8,79.015264,1.64,0.9494974165,5.299608593,0,1,0.6806976795
4.3,86,-0.7760928718,-2.185499844,4.064283031,4.363403982,1.532147558,0.2105114248,-1.532193553,49.814316,1.64,0.9494974165,5.299608593,0,1,0.6754903197
4.35,87,-0.767550395,-1.448221859,4.253374839,3.699342407,1.416589352,0.2136042849,-1.532193553,55.198198,1.64,0.9494974165,5.299608593,0,1,0.6853855252
4.4,88,-0.7552682604,-0.6421686978,4.432410909,3.495780009,0.4270356364,0.1137154374,-0.181638035,63.093541,1.64,0.9494974165,5.299608593,0,1,0.5394787192
4.45,89,-0.7392616285,0.203713718,4.601854829,3.305337854,0.3592580685,0.1246158414,-0.4599434878,30.969879,1.64,0.9494974165,5.299608593,0,1,0.5367910266
4.5,90,-0.7222827821,0.9377148776,4.746714571,2.897728291,0.3382022283,0.2511267463,-0.338053056,30.446112,1.64,0.9494974165,4.271498039,0,1,0.5492720008
4.55,91,-0.7192458525,-2.844931716,4.833641019,1.647744932,0.2665435926,0.2540854196,-0.3661510166,97.772908,1.64,0.9494974165,4.271498039,0,1,0.5660895109
4.6,92,-0.7122849289,-1.965155715,4.891483155,1.040032446,0.243406738,0.1735838108,-0.211517041,64.389391,1.64,0.9494974165,4.271498039,0,1,0.5547018647
4.65,93,-0.7015745478,-1.079142684,4.924017936,0.5770797211,0.2303928257,0.1759733455,-0.2860848678,65.271363,1.64,0.9494974165,4.271498039,0,1,0.5616418123
4.7,94,-0.6878881051,-0.2326766192,4.914217894,-0.2610525662,0.2343128426,0.09455338737,-0.1417171643,121.654493,1.64,0.9494974165,4.271498039,0,1,0.4984151721
4.75,95,-0.6824666644,-4.054214579,4.851104905,-1.278008199,0.2595580381,0.2720557949,-0.2592174614,54.292684,1.64,0.9494974165,3.235236908,0,1,0.5125134587
4.8,96,-0.6828267888,-3.290958506,4.731786707,-2.485389948,0.307285317,0.2457181218,-0.2903896662,35.042051,1.64,0.9494974165,3.235236908,0,1,0.6768042445
4.85,97,-0.678754539,-2.48293696,4.61305726,-2.456451176,0.3547770961,0.2471096552,-0.3733467572,29.316986,1.64,0.9494974165,3.235236908,0,1,0.669717133
4.9,98,-0.6703306743,-1.638816934,4.503655812,-2.291539142,0.3985376752,0.1763274781,-0.3182241292,34.627165,1.64,0.9494974165,3.235236908,0,1,0.6794062257
4.95,99,-0.6586200518,-0.8086701449,4.414978289,-1.846674583,0.4340086846,0.1779226071,-0.4458377674,57.302707,1.64,0.9494974165,3.235236908,0,1,0.6430190802
5,100,-0.6587419932,-4.568513341,4.33324953,-1.690007757,0.8751411896,0.323256313,-0.8949735651,77.976257,1.64,0.9494974165,2.178826772,0,1,0.5949994326
5.05,101,-0.657206802,-3.715596624,4.253788854,-1.724900066,0.8387240951,0.3241124111,-0.8949735651,56.678629,1.64,0.9494974165,2.178826772,0,1,0.6037982106
5.1,102,-0.6496552351,-2.734784551,4.212537047,-0.994360584,0.5149851811,0.2412438152,-0.5025147382,84.463615,1.64,0.9494974165,2.178826772,0,1,0.5922217369
5.15,103,-0.6374442595,-1.71344132,4.203362797,-0.318083563,0.5186548814,0.2425745305,-0.5911724392,25.680978,1.64,0.9494974165,2.178826772,0,1,0.6644195914
5.2,104,-0.6251438427,-4.739224873,4.22202627,0.285581908,0.511189492,0.1377036949,-0.4737539775,66.207048,1.64,0.9494974165,2.178826772,0,1,0.6023790836
5.25,105,-0.6237113495,-3.883782826,4.242655836,0.3963293612,1.192674618,0.2997658809,-1.254211076,58.879336,1.64,0.9494974165,1.099940513,0,1,0.4900318682
5.3,106,-0.62035283,-3.08143755,4.252264376,0.1299195205,0.8926672644,0.2606020544,-0.8926746145,41.901364,1.64,0.9494974165,1.099940513,0,1,0.531502068
5.35,107,-0.6126452584,-2.210328541,4.25805067,-0.01112860857,0.811978373,0.2621661392,-0.8926746145,30.388152,1.64,0.9494974165,1.099940513,0,1,0.5159798265
5.4,108,-0.6002191869,-1.263596974,4.29235385,0.5563334798,0.48305846,0.1653926679,-0.3612780713,37.331941,1.64,0.9494974165,1.099940513,0,1,0.5060662627
5.45,109,-0.5881640723,-4.014371083,4.344044381,0.984113045,0.4623822475,0.1701587853,-0.5433611566,35.453787,1.64,0.9494974165,1.099940513,0,1,0.6256130338
5.5,110,-0.5854428892,-3.196984456,4.390995388,0.8926441848,0.9420434113,0.2742922304,-0.9705776396,76.08375,1.64,0.9494974165,0,0,1,0.6189670563
5.55,111,-0.5802704585,-2.405282185,4.424578382,0.6076556119,0.8792336352,0.2754671939,-0.9705776396,33.200791,1.64,0.9494974165,0,0,1,0.5643453598
5.6,112,-0.5700376262,-1.509778187,4.457406181,0.509966986,0.4170375275,0.193615254,-0.3615007811,59.322978,1.64,0.9494974165,0,0,1,0.6281449795
5.65,113,-0.5558973062,-0.590844319,4.508070494,0.9309616541,0.3967718025,0.1964212587,-0.4938852754,81.395427,1.64,0.9494974165,0,0,1,0.588301599
5.7,114,-0.5454383255,-3.347414298,4.557797481,0.9212208252,0.3768810075,0.1046541101,-0.3210527631,88.298354,1.64,0.9494974165,0,0,1,0.5704606175
5.75,115,-0.5418885335,-2.579466147,4.586512461,0.5619663354,0.3653950156,0.06825767437,-0.2850758144,117.437791,1.64,0.9494974165,0,0,1,0.5558158159
5.8,116,-0.5386581408,-1.9701827,4.556351523,-0.5958058248,0.3774593908,0.2328015864,-0.3660277401,56.259924,1.64,0.9494974165,-1.119006511,0,1,0.5551399589
5.85,117,-0.532561836,-1.342039389,4.461600966,-1.96291766,0.4153596135,0.2349154285,-0.4755849281,57.93101,1.64,0.9494974165,-1.119006511,0,1,0.5229751468
5.9,118,-0.5220365186,-0.6193488069,4.372595394,-1.869886565,0.4509618423,0.1776432639,-0.4225415713,95.896594,1.64,0.9494974165,-1.119006511,0,1,0.5632199049
5.95,119,-0.5194514711,-3.530309443,4.302599037,-1.459613078,0.4789603853,0.1796480399,-0.5254927901,46.999295,1.64,0.9494974165,-1.119006511,0,1,0.4456993341
6,120,-0.5170282213,-2.816198114,4.246717573,-1.17390743,0.5013129707,0.1112456685,-0.4278153895,53.483991,1.64,0.9494974165,-1.119006511,0,1,0.4874585867
6.05,121,-0.5120692808,-2.117681269,4.192793828,-1.133014051,0.5228824686,0.1131869852,-0.5441773673,58.564007,1.64,0.9494974165,-2.245082564,0,1,0.5761927366
6.1,122,-0.505990561,-1.49121261,4.144040521,-0.9921439131,0.822963651,0.2553638785,-0.8228824657,48.729842,1.64,0.9494974165,-2.245082564,0,1,0.4575091898
6.15,123,-0.4970830782,-0.8432862797,4.088211099,-1.186272862,0.7509722865,0.2572865412,-0.8228824657,69.072772,1.64,0.9494974165,-2.245082564,0,1,0.5308260322
6.2,124,-0.4959836233,-3.747505604,4.060627883,-0.6516409286,0.575748847,0.1911381525,-0.5801828134,32.04559,1.64,0.9494974165,-2.245082564,0,1,0.5969837308
6.25,125,-0.492846248,-2.99850887,4.056935861,-0.1368154343,0.5772256557,0.1521187736,-0.5421296984,82.569324,1.64,0.9494974165,-2.245082564,0,1,0.5238113999
6.3,126,-0.4870328521,-2.248154103,4.074960819,0.2920278079,0.5700156726,0.1139552118,-0.531244423,72.201192,1.64,0.9494974165,-2.245082564,0,1,0.612944603
6.35,127,-0.4808436295,-1.609009205,4.088853322,0.2824160987,0.564458671,0.1159430244,-0.6128273656,159.948465,1.64,0.9494974165,-3.366229147,0,1,0.483068943
6.4,128,-0.4742879407,-1.057022511,4.089199689,-0.005567432609,0.8631659282,0.2657961453,-0.8644586604,57.408414,1.64,0.9494974165,-3.366229147,0,1,0.5844729543
6.45,129,-0.4775415878,-4.076875959,4.073222687,-0.4028636692,0.7818688344,0.2676789741,-0.8644586604,87.580732,1.64,0.9494974165,-3.366229147,0,1,0.58681041
6.5,130,-0.4756017983,-3.32069615,4.081017745,0.04414390925,0.567592902,0.1986758767,-0.5505573343,55.758081,1.64,0.9494974165,-3.366229147,0,1,0.6414183378
6.55,131,-0.4703950145,-2.540445601,4.104399669,0.3964721359,0.5582401322,0.1998757516,-0.6354137363,74.686685,1.64,0.9494974165,-3.366229147,0,1,0.7647178769
6.6,132,-0.4625376168,-1.765428816,4.139206684,0.6284946428,1.43956804,0.3254708195,-1.532063453,82.117721,1.64,0.9494974165,-4.470447089,0,1,0.8144281507
6.65,133,-0.4499304863,-0.8975165234,4.174381417,0.5602609334,1.434563648,0.3260032823,-1.532063453,37.101424,1.64,0.9494974165,-4.470447089,0,1,0.7661331892
6.7,134,-0.4437578866,-3.534367362,4.237674913,1.090076482,1.026054176,0.2289940575,-1.00887515,28.983389,1.64,0.9494974165,-4.470447089,0,1,0.8016149402
6.75,135,-0.4347238408,-2.518185416,4.327966393,1.702871276,0.5529334864,0.1749170759,-0.5265817165,71.421966,1.64,0.9494974165,-4.470447089,0,1,0.8404608369
6.8,136,-0.4236293431,-1.577786246,4.428292554,1.952628829,0.4286829785,0.1234292259,-0.3875518228,104.698273,1.64,0.9494974165,-4.470447089,0,1,0.8407478929
6.85,137,-0.4117296597,-0.7641570956,4.51210818,1.662141813,0.3951567278,0.1245844863,-0.4762552233,40.311797,1.64,0.9494974165,-4.470447089,0,1,0.906588912
6.9,138,-0.4014417576,-3.700506586,4.562244362,0.9841508541,0.6999123641,0.2448437028,-0.69515673,59.852442,1.64,0.9494974165,-5.545737694,0,1,0.856087625
6.95,139,-0.3997395519,-2.951788325,4.586738982,0.4022149737,0.5947147815,0.2458078402,-0.69515673,70.027513,1.64,0.9494974165,-5.545737694,0,1,0.9130684137
7,140,-0.3943505128,-2.161810297,4.612570466,0.4411579541,0.3549718137,0.1739158313,-0.3525885625,24.885524,1.64,0.9494974165,-5.545737694,0,1,0.9072459936
7.05,141,-0.3854477216,-1.352720637,4.639950158,0.4688966632,0.3440199369,0.1745305941,-0.4498487603,96.191737,1.64,0.9494974165,-5.545737694,0,1,0.9242472053
7.1,142,-0.3730661622,-0.5315612738,4.672711134,0.5777238806,0.3309155465,0.09665456047,-0.2904273516,56.886373,1.64,0.9494974165,-5.545737694,0,1,0.9227883816
7.15,143,-0.3694593014,-3.462171467,4.700709076,0.5516329544,0.3197163698,0.09731706879,-0.4044930588,36.195602,1.64,0.9494974165,-6.590574264,0,1,0.9331533909
7.2,144,-0.3704796937,-2.864293964,4.705829748,0.0906565078,0.6197450824,0.2306200162,-0.6197163781,30.987405,1.64,0.9494974165,-6.590574264,0,1,0.9176724553
7.25,145,-0.3679728603,-2.213163288,4.695712334,-0.2766765678,0.4488841842,0.2024788096,-0.4487046899,56.201232,1.64,0.9494974165,-6.590574264,0,1,0.9090049863
7.3,146,-0.3611391464,-1.479253681,4.697120244,-0.05091319428,0.3211519023,0.1684689759,-0.3212053995,70.148201,1.64,0.9494974165,-6.590574264,0,1,0.8838947415
7.35,147,-0.3582636592,-4.375404925,4.709617733,0.1892286186,0.3161529068,0.1685482308,-0.4231988519,52.431805,1.64,0.9494974165,-7.616956133,0,1,0.9380171299
7.4,148,-0.3602518577,-3.637993426,4.726363951,0.2772994543,1.012310966,0.2945575905,-1.068807575,39.932958,1.64,0.9494974165,-7.616956133,0,1,0.8770575523
7.45,149,-0.3570876839,-2.797531695,4.744771787,0.2409189322,0.9595692114,0.2939858765,-1.068807575,64.223711,1.64,0.9494974165,-7.616956133,0,1,0.9123108983
7.5,150,-0.3474489554,-1.810623736,4.780943278,0.5662144643,0.6595616709,0.2092252371,-0.6595692181,54.873681,1.64,0.9494974165,-7.616956133,0,1,0.8531657457
7.55,151,-0.3357631609,-4.44412863,4.838151712,1.039702645,0.538313346,0.2080383088,-0.6595692181,103.837649,1.64,0.9494974165,-7.616956133,0,1,0.8878850341
7.6,152,-0.3333704551,-3.461676238,4.901012565,1.164918805,1.164866811,0.2214178822,-1.214049145,59.886336,1.64,0.9494974165,-8.636883069,0,1,0.7998507023
7.65,153,-0.3270911058,-2.484366057,4.963271646,1.144108299,1.090243631,0.21985314,-1.214049145,39.286373,1.64,0.9494974165,-8.636883069,0,1,0.8549815416
7.7,154,-0.3166974039,-1.503523467,5.033762117,1.308279802,0.7901666029,0.1260967519,-0.7902437288,53.294078,1.64,0.9494974165,-8.636883069,0,1,0.8555411696
7.75,155,-0.3066547607,-1.568722639,5.101143806,1.253044971,0.4902870018,0.08011679929,-0.490166614,46.514364,1.64,0.9494974165,-8.636883069,0,1,0.8946650624
7.8,156,-0.2962788879,-0.6946534252,5.006093776,-1.88620059,1.308894312,0.05220355889,-1.384308571,100.742436,1.64,0.9494974165,-9.662354949,0,1,0.827476263
7.85,157,-0.2849438872,0.01447590834,5.126254246,2.373573991,1.24526115,0.05056835397,-1.384308571,91.419956,1.64,0.9494974165,-9.662354949,0,1,0.904411912
7.9,158,-0.2727269116,0.5729170705,5.180668517,1.079337996,1.090208209,-0.007998088601,-1.090211426,98.24861,1.64,0.9494974165,-9.662354949,0,1,0.902035594
7.95,159,-0.2604761341,1.121117826,5.118953044,-1.233979245,0.9899110625,-0.009297145992,-1.090211426,66.271387,1.64,0.9494974165,-9.662354949,0,1,0.8321503401
8,160,-0.2492397049,1.478829618,5.057899523,-1.206917583,1.404424514,-0.05625133487,-1.421541753,72.913605,1.64,0.9494974165,-10.70537169,0,1,0.8899619579
8.05,161,-0.2402649405,1.582932706,5.017822844,-0.7938096776,1.321318877,-0.05683916868,-1.421541753,117.056269,1.64,0.9494974165,-10.70537169,0,1,0.9212660789
8.1,162,-0.2332692756,1.62699246,5.1578181,2.800671588,1.467231505,-0.06249563093,-1.467280102,29.689678,1.64,0.9494974165,-10.70537169,0,1,0.9326007962
8.15,163,-0.2276903745,1.654848846,5.427403417,5.389157958,1.288111561,-0.06280917644,-1.467280102,37.428381,1.64,0.9494974165,-10.70537169,0,1,0.895180583
8.2,164,-0.2235276408,1.407328399,5.400217699,-0.5488909474,1.588225948,-0.05248632808,-1.588111558,24.746236,1.64,0.9494974165,-11.7779332,0,1,0.923601687
8.25,165,-0.2211938667,1.115549835,5.518963438,2.368657646,1.284190634,-0.03878271239,-1.288225992,96.848876,1.64,0.9494974165,-11.7779332,0,1,0.8910350204
8.3,166,-0.2202635201,0.764475616,5.493593949,-0.5111873864,0.9940679475,-0.02416222076,-0.9942555733,49.249036,1.64,0.9494974165,-11.7779332,0,1,0.8248806
8.35,167,-0.2199609763,0.5988518086,5.594074853,2.006934053,0.8485066292,-0.02415304128,-0.9942555733,45.393911,1.64,0.9494974165,-11.7779332,0,1,0.7463858128
8.4,168,-0.2202686485,0.3028465596,5.508694173,-1.70904436,1.146750943,-0.006440395045,-1.148506628,130.921794,1.64,0.9494974165,-12.89203928,0,1,0.8821564317
8.45,169,-0.221056212,0.0824104634,5.608983587,2.005003384,1.000049618,-0.006313588269,-1.148506628,70.553123,1.64,0.9494974165,-12.89203928,0,1,0.7847446799
8.5,170,-0.2223186478,-0.1415733013,5.523071458,-1.718443269,1.044853899,0.01292714269,-1.050010175,104.262092,1.64,0.9494974165,-12.89203928,0,1,0.6739473343
8.55,171,-0.2230562411,-0.1545117783,5.56441249,0.826815366,0.9113234149,0.01290808389,-1.050010175,66.270707,1.64,0.9494974165,-12.89203928,0,1,0.7372079492
8.6,172,-0.2237671682,-0.2875760483,5.425897779,-2.770299019,1.211320541,0.01702976999,-1.211323415,22.616344,1.64,0.9494974165,-14.0495442,0,1,0.7736383677
8.65,173,-0.2242890213,-0.3469632553,5.48027535,1.087370214,1.077585703,0.01690266044,-1.211323415,81.502958,1.64,0.9494974165,-14.0495442,0,1,0.7408466935
8.7,174,-0.2246405696,-0.311460538,5.372301054,-2.159493088,1.37754907,0.02345941053,-1.377585695,22.690419,1.64,0.9494974165,-14.0495442,0,1,0.5289670229
8.75,175,-0.2243603003,-0.3175259066,5.416532091,0.8838943551,1.077548808,0.02358672943,-1.077549071,87.860909,1.64,0.9494974165,-14.0495442,0,1,0.7507334948
8.8,176,-0.2241084916,-0.3595180941,5.290581944,-2.518727785,1.465076655,0.01827411128,-1.462856772,43.857344,1.64,0.9494974165,-15.23844836,0,1,0.7210386395
8.85,177,-0.2237293449,-0.3570232821,5.387612222,1.940264523,1.31998229,0.01797722609,-1.462856772,57.981283,1.64,0.9494974165,-15.23844836,0,1,0.6376463175
8.9,178,-0.2231355588,-0.2756705704,5.336443659,-1.023137931,1.56925053,0.01989751841,-1.569191329,67.00536,1.64,0.9494974165,-15.23844836,0,1,0.5862332582
8.95,179,-0.2221801094,-0.2527518692,5.421406761,1.698841539,1.430866071,0.0196425292,-1.569191329,84.187138,1.64,0.9494974165,-15.23844836,0,1,0.650734961
9,180,-0.2213128291,-0.2742057267,5.336688485,-1.694042376,1.130963071,0.0196131399,-1.130866062,32.578331,1.64,0.9494974165,-15.23844836,0,1,0.6037461758
9.05,181,-0.2203997989,-0.2611670914,5.474478657,2.755777556,0.9794473306,0.01937685687,-1.130866062,66.087352,1.64,0.9494974165,-16.44675209,0,1,0.6853719354
9.1,182,-0.2190942316,-0.1694025796,5.447038036,-0.5486718975,1.279498745,0.01290990908,-1.279447325,24.830107,1.64,0.9494974165,-16.44675209,0,1,0.6595618129
9.15,183,-0.2177197787,-0.1456904214,5.533747793,1.734314521,1.13744983,0.01254498267,-1.279447325,97.3689,1.64,0.9494974165,-16.44675209,0,1,0.7342389226
9.2,184,-0.2166129566,-0.1773981851,5.442164643,-1.830876946,0.837649324,0.01306640172,-0.8374498439,65.040696,1.64,0.9494974165,-16.44675209,0,1,0.6267966628
9.25,185,-0.2155364785,-0.06708664964,5.551526954,2.187704592,1.126139156,0.006253905007,-1.137649324,66.342442,1.64,0.9494974165,-17.66245587,0,1,0.7509073615
9.3,186,-0.2143676812,-0.1213469035,5.48513153,-1.326908714,1.426184425,0.008729883547,-1.426139152,23.585234,1.64,0.9494974165,-17.66245587,0,1,0.7907426953
9.35,187,-0.2134106878,-0.1337751872,5.542119923,1.14022788,1.291080592,0.00852322597,-1.426139152,30.818617,1.64,0.9494974165,-17.66245587,0,1,0.7751640677
9.4,188,-0.212802679,-0.1981749065,5.419651653,-2.448564303,0.9912716825,0.01190809305,-0.9910806556,90.152043,1.64,0.9494974165,-17.66245587,0,1,0.7721485496
9.45,189,-0.2120426315,-0.1121097662,5.496515987,1.537709911,0.8508700343,0.01176273129,-0.9910806556,69.702224,1.64,0.9494974165,-17.66245587,0,1,0.8363774419
9.5,190,-0.2112999234,-0.1817127325,5.409031619,-1.749067707,1.150893538,0.009039394432,-1.150870093,28.214979,1.64,0.9494974165,-18.87356096,0,1,0.8566564322
9.55,191,-0.2106886118,-0.2004276373,5.461556676,1.050810056,1.018332094,0.008852573935,-1.150870093,95.616804,1.64,0.9494974165,-18.87356096,0,1,0.8340275884
9.6,192,-0.2103980858,-0.2673526861,5.340710734,-2.416148554,1.318296605,0.0131857014,-1.318332009,45.827273,1.64,0.9494974165,-18.87356096,0,1,0.7654018402
9.65,193,-0.2097475391,-0.182242631,5.434663833,1.879445614,1.177666075,0.01302015708,-1.318332009,39.935021,1.64,0.9494974165,-18.87356096,0,1,0.752864182
9.7,194,-0.2092543448,-0.2487480631,5.37228121,-1.247171553,1.477766583,0.01279871002,-1.477666073,36.817375,1.64,0.9494974165,-20.07301852,0,1,0.7775923014
9.75,195,-0.2088173043,-0.2594826212,5.44530152,1.460517126,1.495448913,0.01351529146,-1.495477141,50.305932,1.64,0.9494974165,-20.07301852,0,1,0.6193637848
9.8,196,-0.2084902822,-0.2047996807,5.34741684,-1.957067565,1.377942112,0.01607206878,-1.377960773,48.902507,1.64,0.9494974165,-20.07301852,0,1,0.7674518824
9.85,197,-0.2078769573,-0.2253761577,5.467953028,2.411104842,1.230327946,0.01592632068,-1.377960773,73.067265,1.64,0.9494974165,-20.07301852,0,1,0.7738570571
9.9,198,-0.2073775838,-0.2781334209,5.421827813,-0.922333042,0.8455944279,0.01935734124,-0.8327995353,90.886195,1.64,0.9494974165,-20.07301852,0,1,0.7768153548
9.95,199,-0.2067554039,-0.2697487163,5.499189154,1.546828056,0.6941208358,0.01918292351,-0.8327995353,84.376895,1.64,0.9494974165,-21.26746802,0,1,0.775421679
10,200,-0.2059811636,-0.2760009766,5.401029154,-1.963006812,0.9941027598,0.01854004716,-0.9941208226,69.445021,1.64,0.9494974165,-21.26746802,0,1,0.8896358609
10.05,201,-0.20523194,-0.2696533203,5.51087234,2.196801424,0.8477343319,0.01830871814,-0.9941208226,91.864701,1.64,0.9494974165,-21.26746802,0,1,0.8280084133
10.1,202,-0.2045517474,-0.300819397,5.451492234,-1.187414319,0.5478601275,0.01970045707,-0.5477343557,75.914388,1.64,0.9494974165,-21.26746802,0,1,0.7951362133
10.15,203,-0.2037668864,-0.2776794434,5.516994392,1.309611649,0.4111886329,0.01932501545,-0.5477343557,53.001112,1.64,0.9494974165,-22.46791344,0,1,0.6512849927
10.2,204,-0.2030468962,-0.2999649048,5.404937035,-2.240875467,0.7111721373,0.01835029181,-0.7111886318,25.588111,1.64,0.9494974165,-22.46791344,0,1,0.8660709858
10.25,205,-0.2022874084,-0.2871932983,5.497356318,1.848359066,0.9076651876,0.01792089485,-0.907544563,60.546784,1.64,0.9494974165,-22.46791344,0,1,0.8674662709
10.3,206,-0.2016249455,-0.316078186,5.423969407,-1.467444471,0.6078279466,0.01931350545,-0.6076653632,93.26422,1.64,0.9494974165,-22.46791344,0,1,0.8960165977
10.35,207,-0.2008761873,-0.2927627563,5.483253036,1.185301107,0.4731873467,0.01909858943,-0.6076653632,98.412928,1.64,0.9494974165,-23.68302944,0,1,0.8743733764
10.4,208,-0.2002186599,-0.3158874512,5.367521306,-2.314300791,0.7731665686,0.01809758858,-0.773187344,47.633117,1.64,0.9494974165,-23.68302944,0,1,0.924387753
