authority,authority_label,predictor,predictor_label,risk,risk_label,init_id,init_speed_mps,start_longitudinal_offset_m,execution_complete,competence_gate_pass,formal_rollout_pass,legacy_target_first_yield,completion_valid,fixed_geometry_outcome,early_conflict_entry,target_cleared_before_entry,never_entered_fixed_zone,footprint_collision,completion_time_s,min_footprint_separation_m,min_center_distance_m,solver_failure_fraction,average_solve_time_s,max_abs_lateral_error_m,completion_lateral_error_m,postcarla_status,postcarla_errors,rows,any_request_rows,post_request_rows,post_applied_rows,bypass_request_rows,bypass_applied_rows,solver_attempt_rows,solver_optimal_rows,actual_command_diff_rows,any_request_frac,post_applied_frac,bypass_applied_frac,solver_optimal_frac,actual_command_diff_frac
on,Authority on,B1,Retrained MultiPath,adaptive,Adaptive,126,9.834648303069205,-1.8254717304050727,1,1,1,1,1,target_cleared_before_ego_entry,0,1,0,0,8.950000133365393,1.3082510846435755,4.687563084653948,0.016666666666666666,0.0876551354180791,1.7569010297199408,-0.300954013070465,PASS,,180,133,53,53,31,31,149,146,53,0.7388888888888889,0.29444444444444445,0.17222222222222222,0.9798657718120806,0.29444444444444445
on,Authority on,B1,Retrained MultiPath,adaptive,Adaptive,127,8.160775432779605,1.9981926688404101,1,1,1,1,1,target_cleared_before_ego_entry,0,1,0,0,8.700000129640102,1.1263413762088257,4.585395876368363,0.005714285714285714,0.09072919754022987,1.3932049705464693,-0.17032380119886498,PASS,,175,132,44,44,30,30,145,144,29,0.7542857142857143,0.25142857142857145,0.17142857142857143,0.993103448275862,0.1657142857142857
on,Authority on,B1,Retrained MultiPath,adaptive,Adaptive,128,9.709431408440656,-1.0392541658079462,1,1,1,1,1,target_cleared_before_ego_entry,0,1,0,0,9.00000013411045,1.3595873676395993,4.739284377155182,0.022099447513812154,0.09163988589830509,1.6440334638341436,-0.4182541492427284,PASS,,181,133,54,54,31,31,150,146,54,0.7348066298342542,0.2983425414364641,0.1712707182320442,0.9733333333333334,0.2983425414364641
on,Authority on,B1,Retrained MultiPath,adaptive,Adaptive,129,8.289354794742726,-1.8591227838987705,1,1,1,1,1,target_cleared_before_ego_entry,0,1,0,0,8.75000013038516,1.4589411845859412,4.834278327272746,0.0,0.08597169785227274,1.1745052064134391,-0.030363075683968437,PASS,,176,127,39,39,31,31,145,145,35,0.7215909090909091,0.2215909090909091,0.17613636363636365,1.0,0.19886363636363635
on,Authority on,B1,Retrained MultiPath,adaptive,Adaptive,130,8.358482155458335,-1.909616548833755,1,1,1,1,1,target_cleared_before_ego_entry,0,1,0,0,8.75000013038516,1.5069525005271438,4.869668471489715,0.0,0.08728522347727273,1.2269082725472917,-0.04657378440110219,PASS,,176,127,40,40,31,31,145,145,36,0.7215909090909091,0.22727272727272727,0.17613636363636365,1.0,0.20454545454545456
on,Authority on,B1,Retrained MultiPath,adaptive,Adaptive,131,9.569346946598449,1.297250385425902,1,1,1,1,1,target_cleared_before_ego_entry,0,1,0,0,8.950000133365393,0.7455907828624309,4.220365894514755,0.022222222222222223,0.11151972314772728,1.6815444105329973,-0.29128975891185255,PASS,,180,132,55,55,30,30,150,146,55,0.7333333333333333,0.3055555555555556,0.16666666666666666,0.9733333333333334,0.3055555555555556
on,Authority on,B1,Retrained MultiPath,adaptive,Adaptive,132,9.79084811322419,-2.057787427905799,1,1,1,1,1,target_cleared_before_ego_entry,0,1,0,0,8.950000133365393,1.3773727691776252,4.744709717220137,0.016666666666666666,0.08460100550282487,1.769139336584059,-0.28660127080086345,PASS,,180,132,52,52,31,31,149,146,52,0.7333333333333333,0.28888888888888886,0.17222222222222222,0.9798657718120806,0.28888888888888886
on,Authority on,B1,Retrained MultiPath,adaptive,Adaptive,133,8.921468652144595,1.315758718031688,1,1,1,1,1,target_cleared_before_ego_entry,0,1,0,0,8.450000125914812,1.0828781480350254,4.515542052832983,0.01764705882352941,0.0939891128502994,1.4792251111231671,-0.21588837235160768,PASS,,170,132,41,41,26,26,144,141,41,0.7764705882352941,0.2411764705882353,0.15294117647058825,0.9791666666666666,0.2411764705882353
on,Authority on,B1,Retrained MultiPath,adaptive,Adaptive,134,8.07696736440444,-1.3019072300690582,1,1,1,1,1,target_cleared_before_ego_entry,0,1,0,0,8.650000128895044,1.2665197298226514,4.660783486583297,0.005747126436781609,0.0874332495317919,1.2236941902716088,-0.07210785957816256,PASS,,174,123,38,38,24,24,150,149,38,0.7068965517241379,0.21839080459770116,0.13793103448275862,0.9933333333333333,0.21839080459770116
on,Authority on,B1,Retrained MultiPath,adaptive,Adaptive,135,8.630610520425076,-0.4060810503853973,1,1,1,1,1,target_cleared_before_ego_entry,0,1,0,0,8.800000131130219,1.6928280729284364,5.019018858309679,0.011299435028248588,0.09267481597714286,1.823805349709584,-0.36133002996567454,PASS,,177,130,44,44,30,30,147,145,34,0.7344632768361582,0.24858757062146894,0.1694915254237288,0.9863945578231292,0.192090395480226
on,Authority on,B1,Retrained MultiPath,fixed_medium,Fixed medium,126,9.834648303069205,-1.8254717304050727,1,1,1,1,1,target_cleared_before_ego_entry,0,1,0,0,8.950000133365393,1.3022188679585995,4.683015835662778,0.016666666666666666,0.07445093501129943,1.7442936473878385,-0.276064769861741,PASS,,180,133,54,54,31,31,149,146,54,0.7388888888888889,0.3,0.17222222222222222,0.9798657718120806,0.3
on,Authority on,B1,Retrained MultiPath,fixed_medium,Fixed medium,127,8.160775432779605,1.9981926688404101,1,1,1,1,1,target_cleared_before_ego_entry,0,1,0,0,8.550000127404928,1.2295752040886168,4.655229639419941,0.005813953488372093,0.07450858678362574,1.3362832857479152,-0.1490413402679153,PASS,,172,132,40,40,27,27,145,144,40,0.7674418604651163,0.23255813953488372,0.1569767441860465,0.993103448275862,0.23255813953488372
on,Authority on,B1,Retrained MultiPath,fixed_medium,Fixed medium,128,9.709431408440656,-1.0392541658079462,1,1,1,1,1,target_cleared_before_ego_entry,0,1,0,0,8.850000131875277,1.3616020450070563,4.740956527834385,0.02247191011235955,0.07183165784482759,1.6450439654701445,-0.26663491386060906,PASS,,178,133,57,57,31,31,147,143,57,0.7471910112359551,0.3202247191011236,0.17415730337078653,0.9727891156462585,0.3202247191011236
on,Authority on,B1,Retrained MultiPath,fixed_medium,Fixed medium,129,8.289354794742726,-1.8591227838987705,1,1,1,1,1,target_cleared_before_ego_entry,0,1,0,0,8.75000013038516,1.4261811700754892,4.815584922822644,0.0,0.0740349810909091,1.2044531660480366,-0.04827923304080594,PASS,,176,127,38,38,31,31,145,145,38,0.7215909090909091,0.2159090909090909,0.17613636363636365,1.0,0.2159090909090909
on,Authority on,B1,Retrained MultiPath,fixed_medium,Fixed medium,130,8.358482155458335,-1.909616548833755,1,1,1,1,1,target_cleared_before_ego_entry,0,1,0,0,8.75000013038516,1.4750214661846064,4.842307589756793,0.0,0.073002885875,1.2005912731552806,-0.03103693416003978,PASS,,176,127,40,40,31,31,145,145,36,0.7215909090909091,0.22727272727272727,0.17613636363636365,1.0,0.20454545454545456
on,Authority on,B1,Retrained MultiPath,fixed_medium,Fixed medium,131,9.569346946598449,1.297250385425902,1,1,1,1,1,target_cleared_before_ego_entry,0,1,0,0,8.950000133365393,0.7645185920682691,4.2359792055896675,0.022222222222222223,0.07130680649431818,1.7029787482088181,-0.29112480552584585,PASS,,180,132,58,58,30,30,150,146,58,0.7333333333333333,0.32222222222222224,0.16666666666666666,0.9733333333333334,0.32222222222222224
on,Authority on,B1,Retrained MultiPath,fixed_medium,Fixed medium,132,9.79084811322419,-2.057787427905799,1,1,1,1,1,target_cleared_before_ego_entry,0,1,0,0,9.00000013411045,1.3668334834263707,4.7352679546808245,0.016574585635359115,0.0731140623033708,1.7602625293927379,-0.30527993365460876,PASS,,181,132,54,54,31,31,150,147,54,0.7292817679558011,0.2983425414364641,0.1712707182320442,0.98,0.2983425414364641
on,Authority on,B1,Retrained MultiPath,fixed_medium,Fixed medium,133,8.921468652144595,1.315758718031688,1,1,1,1,1,target_cleared_before_ego_entry,0,1,0,0,8.450000125914812,1.081453614991641,4.514304051202746,0.023529411764705882,0.0705956103313253,1.4913661130184508,-0.23294708942478792,PASS,,170,132,44,44,26,26,144,140,44,0.7764705882352941,0.25882352941176473,0.15294117647058825,0.9722222222222222,0.25882352941176473
on,Authority on,B1,Retrained MultiPath,fixed_medium,Fixed medium,134,8.07696736440444,-1.3019072300690582,1,1,1,1,1,target_cleared_before_ego_entry,0,1,0,0,8.700000129640102,1.2916032884782855,4.678406447324882,0.011428571428571429,0.07506488670520232,1.2715303112857157,-0.08450250688284479,PASS,,175,123,39,39,24,24,151,149,39,0.7028571428571428,0.22285714285714286,0.13714285714285715,0.9867549668874173,0.22285714285714286
on,Authority on,B1,Retrained MultiPath,fixed_medium,Fixed medium,135,8.630610520425076,-0.4060810503853973,1,1,1,1,1,target_cleared_before_ego_entry,0,1,0,0,8.800000131130219,1.694279601735934,5.020535928567104,0.011299435028248588,0.07424623426285713,1.8222222443634175,-0.3708396429704015,PASS,,177,130,44,44,30,30,147,145,34,0.7344632768361582,0.24858757062146894,0.1694915254237288,0.9863945578231292,0.192090395480226
on,Authority on,P_star,Transformer-adapted MultiPath,adaptive,Adaptive,126,9.834648303069205,-1.8254717304050727,1,1,1,1,1,target_cleared_before_ego_entry,0,1,0,0,9.00000013411045,1.3251374204759032,4.701735045838787,0.011049723756906077,0.09395239608938548,1.7687531286043305,-0.2993426725580454,PASS,,181,133,55,55,31,31,150,148,55,0.7348066298342542,0.30386740331491713,0.1712707182320442,0.9866666666666667,0.30386740331491713
on,Authority on,P_star,Transformer-adapted MultiPath,adaptive,Adaptive,127,8.160775432779605,1.9981926688404101,1,1,1,1,1,target_cleared_before_ego_entry,0,1,0,0,8.650000128895044,1.1475687385367341,4.602807887750299,0.005747126436781609,0.08859263512138728,1.4073377950515245,-0.17601729193822066,PASS,,174,132,44,44,30,30,144,143,29,0.7586206896551724,0.25287356321839083,0.1724137931034483,0.9930555555555556,0.16666666666666666
on,Authority on,P_star,Transformer-adapted MultiPath,adaptive,Adaptive,128,9.709431408440656,-1.0392541658079462,1,1,1,1,1,target_cleared_before_ego_entry,0,1,0,0,9.00000013411045,1.3637547599043787,4.743009277585885,0.022099447513812154,0.12703668149152542,1.652119513720633,-0.26422194529832066,PASS,,181,133,56,56,31,31,150,146,56,0.7348066298342542,0.30939226519337015,0.1712707182320442,0.9733333333333334,0.30939226519337015
on,Authority on,P_star,Transformer-adapted MultiPath,adaptive,Adaptive,129,8.289354794742726,-1.8591227838987705,1,1,1,1,1,target_cleared_before_ego_entry,0,1,0,0,8.75000013038516,1.4569850414885408,4.832650914005658,0.0,0.09014142421022728,1.1743570222138722,-0.008002475054931048,PASS,,176,127,38,38,31,31,145,145,34,0.7215909090909091,0.2159090909090909,0.17613636363636365,1.0,0.19318181818181818
on,Authority on,P_star,Transformer-adapted MultiPath,adaptive,Adaptive,130,8.358482155458335,-1.909616548833755,1,1,1,1,1,target_cleared_before_ego_entry,0,1,0,0,8.75000013038516,1.4878262277583327,4.856314067939074,0.0,0.08777251326704547,1.2159742672487506,-0.0485958731721415,PASS,,176,127,40,40,31,31,145,145,36,0.7215909090909091,0.22727272727272727,0.17613636363636365,1.0,0.20454545454545456
on,Authority on,P_star,Transformer-adapted MultiPath,adaptive,Adaptive,131,9.569346946598449,1.297250385425902,1,1,1,1,1,target_cleared_before_ego_entry,0,1,0,0,8.950000133365393,0.75127529528125,4.2250121519769,0.022222222222222223,0.09317632985227274,1.7174230099403829,-0.2985819301215428,PASS,,180,132,56,56,30,30,150,146,56,0.7333333333333333,0.3111111111111111,0.16666666666666666,0.9733333333333334,0.3111111111111111
on,Authority on,P_star,Transformer-adapted MultiPath,adaptive,Adaptive,132,9.79084811322419,-2.057787427905799,1,1,1,1,1,target_cleared_before_ego_entry,0,1,0,0,8.950000133365393,1.3680418237866847,4.736313539470256,0.016666666666666666,0.09143255056497175,1.7614361843167545,-0.2729840423224044,PASS,,180,132,53,53,31,31,149,146,53,0.7333333333333333,0.29444444444444445,0.17222222222222222,0.9798657718120806,0.29444444444444445
on,Authority on,P_star,Transformer-adapted MultiPath,adaptive,Adaptive,133,8.921468652144595,1.315758718031688,1,1,1,1,1,target_cleared_before_ego_entry,0,1,0,0,8.450000125914812,1.0814929415913344,4.51437332156313,0.011764705882352941,0.08987456901785715,1.4801706759676132,-0.19885752315129837,PASS,,170,132,42,42,26,26,144,142,42,0.7764705882352941,0.24705882352941178,0.15294117647058825,0.9861111111111112,0.24705882352941178
on,Authority on,P_star,Transformer-adapted MultiPath,adaptive,Adaptive,134,8.07696736440444,-1.3019072300690582,1,1,1,1,1,target_cleared_before_ego_entry,0,1,0,0,8.650000128895044,1.3035358711239378,4.678886780984442,0.0,0.09416250851149426,1.2936166882687492,-0.0979216918750523,PASS,,174,123,39,39,24,24,150,150,39,0.7068965517241379,0.22413793103448276,0.13793103448275862,1.0,0.22413793103448276
on,Authority on,P_star,Transformer-adapted MultiPath,adaptive,Adaptive,135,8.630610520425076,-0.4060810503853973,1,1,1,1,1,target_cleared_before_ego_entry,0,1,0,0,8.75000013038516,1.7313573003771845,5.04652042329347,0.011363636363636364,0.09497797606321838,1.8018466069321881,-0.34821731852895765,PASS,,176,130,40,40,30,30,146,144,39,0.7386363636363636,0.22727272727272727,0.17045454545454544,0.9863013698630136,0.2215909090909091
on,Authority on,P_star,Transformer-adapted MultiPath,fixed_medium,Fixed medium,126,9.834648303069205,-1.8254717304050727,1,1,1,1,1,target_cleared_before_ego_entry,0,1,0,0,8.950000133365393,1.3015031311260103,4.6824014649192005,0.016666666666666666,0.07398021530508475,1.7440921258824986,-0.30538783847826045,PASS,,180,133,52,52,31,31,149,146,52,0.7388888888888889,0.28888888888888886,0.17222222222222222,0.9798657718120806,0.28888888888888886
on,Authority on,P_star,Transformer-adapted MultiPath,fixed_medium,Fixed medium,127,8.160775432779605,1.9981926688404101,1,1,1,1,1,target_cleared_before_ego_entry,0,1,0,0,8.650000128895044,1.193644910327044,4.644440384667352,0.005747126436781609,0.07216542350867051,1.449864710176199,-0.1935385847095452,PASS,,174,132,46,46,30,30,144,143,31,0.7586206896551724,0.26436781609195403,0.1724137931034483,0.9930555555555556,0.1781609195402299
on,Authority on,P_star,Transformer-adapted MultiPath,fixed_medium,Fixed medium,128,9.709431408440656,-1.0392541658079462,1,1,1,1,1,target_cleared_before_ego_entry,0,1,0,0,8.850000131875277,1.3618583027813442,4.7411582675777,0.02247191011235955,0.06860331638505747,1.645016610110748,-0.27070118302711965,PASS,,178,133,56,56,31,31,147,143,56,0.7471910112359551,0.3146067415730337,0.17415730337078653,0.9727891156462585,0.3146067415730337
on,Authority on,P_star,Transformer-adapted MultiPath,fixed_medium,Fixed medium,129,8.289354794742726,-1.8591227838987705,1,1,1,1,1,target_cleared_before_ego_entry,0,1,0,0,8.75000013038516,1.4684477735838481,4.839222195200503,0.0,0.0695121346534091,1.1869683800458313,-0.021211486916281642,PASS,,176,127,39,39,31,31,145,145,35,0.7215909090909091,0.2215909090909091,0.17613636363636365,1.0,0.19886363636363635
on,Authority on,P_star,Transformer-adapted MultiPath,fixed_medium,Fixed medium,130,8.358482155458335,-1.909616548833755,1,1,1,1,1,target_cleared_before_ego_entry,0,1,0,0,8.700000129640102,1.5620813848523964,4.903023955115889,0.0,0.07041194709714287,1.1895241700114332,-0.004088059466282728,PASS,,175,127,39,39,31,31,144,144,36,0.7257142857142858,0.22285714285714286,0.17714285714285713,1.0,0.2057142857142857
on,Authority on,P_star,Transformer-adapted MultiPath,fixed_medium,Fixed medium,131,9.569346946598449,1.297250385425902,1,1,1,1,1,target_cleared_before_ego_entry,0,1,0,0,8.950000133365393,0.7412176342978146,4.216651524133061,0.022222222222222223,0.07851753323863636,1.6780881730168586,-0.29553695020646253,PASS,,180,132,56,56,30,30,150,146,56,0.7333333333333333,0.3111111111111111,0.16666666666666666,0.9733333333333334,0.3111111111111111
on,Authority on,P_star,Transformer-adapted MultiPath,fixed_medium,Fixed medium,132,9.79084811322419,-2.057787427905799,1,1,1,1,1,target_cleared_before_ego_entry,0,1,0,0,8.950000133365393,1.3692462981742801,4.737302544731289,0.016666666666666666,0.07425342655367231,1.7638712135650152,-0.2857406666578927,PASS,,180,132,52,52,31,31,149,146,52,0.7333333333333333,0.28888888888888886,0.17222222222222222,0.9798657718120806,0.28888888888888886
on,Authority on,P_star,Transformer-adapted MultiPath,fixed_medium,Fixed medium,133,8.921468652144595,1.315758718031688,1,1,1,1,1,target_cleared_before_ego_entry,0,1,0,0,8.450000125914812,1.0814310948605366,4.514286615600707,0.01764705882352941,0.07887703748502993,1.4902249590956087,-0.24775498932905046,PASS,,170,132,44,44,26,26,144,141,44,0.7764705882352941,0.25882352941176473,0.15294117647058825,0.9791666666666666,0.25882352941176473
on,Authority on,P_star,Transformer-adapted MultiPath,fixed_medium,Fixed medium,134,8.07696736440444,-1.3019072300690582,1,1,1,1,1,target_cleared_before_ego_entry,0,1,0,0,8.700000129640102,1.3783450247195186,4.732503784002719,0.005714285714285714,0.08054740668390803,1.3819300866371806,-0.16830982108419823,PASS,,175,123,41,41,24,24,151,150,41,0.7028571428571428,0.2342857142857143,0.13714285714285715,0.9933774834437086,0.2342857142857143
on,Authority on,P_star,Transformer-adapted MultiPath,fixed_medium,Fixed medium,135,8.630610520425076,-0.4060810503853973,1,1,1,1,1,target_cleared_before_ego_entry,0,1,0,0,8.800000131130219,1.7926548946413217,5.096169242907964,0.011299435028248588,0.0749004998342857,1.863322703591496,-0.37353646198505747,PASS,,177,130,42,42,30,30,147,145,41,0.7344632768361582,0.23728813559322035,0.1694915254237288,0.9863945578231292,0.23163841807909605
off,Authority off,B1,Retrained MultiPath,adaptive,Adaptive,126,9.834648303069205,-1.8254717304050727,1,0,0,1,1,ego_entered_before_target_clearance,1,0,0,0,7.000000104308128,0.7799504101554013,3.937935558095227,0.14893617021276595,0.10496879323333334,5.840389561944087,1.3415131470096642,FAIL,Required policy solver_failure_frac=0.149 exceeds 0.050,141,133,125,0,26,0,141,120,0,0.9432624113475178,0.0,0.0,0.851063829787234,0.0
off,Authority off,B1,Retrained MultiPath,adaptive,Adaptive,127,8.160775432779605,1.9981926688404101,1,0,0,1,1,ego_entered_before_target_clearance,1,0,0,1,6.95000010356307,0.0,3.173294542416229,0.15714285714285714,0.10387773308474575,4.959343616001478,0.8353346241017836,FAIL,"Footprint collision with target_2: 0.20s, center dmin=3.173m | Required policy solver_failure_frac=0.157 exceeds 0.050",140,132,123,0,25,0,140,118,0,0.9428571428571428,0.0,0.0,0.8428571428571429,0.0
off,Authority off,B1,Retrained MultiPath,adaptive,Adaptive,128,9.709431408440656,-1.0392541658079462,1,0,0,1,1,ego_entered_before_target_clearance,1,0,0,0,6.850000102072954,0.4432631554669591,3.6679220944000828,0.15217391304347827,0.1047399367094017,5.5508700619333196,1.1218355050919817,FAIL,Required policy solver_failure_frac=0.152 exceeds 0.050,138,133,127,0,26,0,138,117,0,0.9637681159420289,0.0,0.0,0.8478260869565217,0.0
off,Authority off,B1,Retrained MultiPath,adaptive,Adaptive,129,8.289354794742726,-1.8591227838987705,1,1,1,1,1,ego_never_entered_conflict_zone,0,0,1,0,7.1000001057982445,2.831579273637153,5.4179009555485855,0.03496503496503497,0.1027139148115942,6.064638208267037,2.1568455825265165,PASS,,143,127,117,0,26,0,143,138,0,0.8881118881118881,0.0,0.0,0.965034965034965,0.0
off,Authority off,B1,Retrained MultiPath,adaptive,Adaptive,130,8.358482155458335,-1.909616548833755,1,1,1,1,1,ego_never_entered_conflict_zone,0,0,1,0,7.500000111758709,2.8358691471069215,5.4266853507646164,0.039735099337748346,0.11376015244137931,5.670118782519546,1.477075478508365,PASS,,151,127,117,0,26,0,151,145,0,0.8410596026490066,0.0,0.0,0.9602649006622517,0.0
off,Authority off,B1,Retrained MultiPath,fixed_medium,Fixed medium,126,9.834648303069205,-1.8254717304050727,1,0,0,1,1,ego_entered_before_target_clearance,1,0,0,0,7.050000105053186,1.1176566165243063,4.1971174277708085,0.14788732394366197,0.08012421007438016,5.632249621575763,1.2230706599816803,FAIL,Required policy solver_failure_frac=0.148 exceeds 0.050,142,132,124,0,26,0,142,121,0,0.9295774647887324,0.0,0.0,0.852112676056338,0.0
off,Authority off,B1,Retrained MultiPath,fixed_medium,Fixed medium,127,8.160775432779605,1.9981926688404101,1,0,0,1,1,ego_entered_before_target_clearance,1,0,0,1,7.1000001057982445,0.0,3.1645536623018904,0.15384615384615385,0.08494552421487604,4.788835160511654,0.9560180072865702,FAIL,"Footprint collision with target_2: 0.15s, center dmin=3.165m | Required policy solver_failure_frac=0.154 exceeds 0.050",143,132,124,0,25,0,143,121,0,0.9230769230769231,0.0,0.0,0.8461538461538461,0.0
off,Authority off,B1,Retrained MultiPath,fixed_medium,Fixed medium,128,9.709431408440656,-1.0392541658079462,1,0,0,1,1,ego_entered_before_target_clearance,1,0,0,0,6.900000102818012,0.41487616301361946,3.6432481260194973,0.1510791366906475,0.08863406555932202,5.756132916531804,1.261365128253771,FAIL,Required policy solver_failure_frac=0.151 exceeds 0.050,139,133,127,0,26,0,139,118,0,0.9568345323741008,0.0,0.0,0.8489208633093526,0.0
off,Authority off,B1,Retrained MultiPath,fixed_medium,Fixed medium,129,8.289354794742726,-1.8591227838987705,1,1,1,1,1,ego_never_entered_conflict_zone,0,0,1,0,7.550000112503767,2.7744118660285104,5.39211487319736,0.046052631578947366,0.08897966166896552,5.448379917119842,1.1120002452879278,PASS,,152,127,117,0,26,0,152,145,0,0.8355263157894737,0.0,0.0,0.9539473684210527,0.0
off,Authority off,B1,Retrained MultiPath,fixed_medium,Fixed medium,130,8.358482155458335,-1.909616548833755,1,1,1,1,1,ego_never_entered_conflict_zone,0,0,1,0,7.550000112503767,2.81126790055382,5.422310404715141,0.046052631578947366,0.08563756328965517,5.475940564802837,1.1657474382043513,PASS,,152,127,117,0,26,0,152,145,0,0.8355263157894737,0.0,0.0,0.9539473684210527,0.0
off,Authority off,P_star,Transformer-adapted MultiPath,adaptive,Adaptive,126,9.834648303069205,-1.8254717304050727,1,0,0,1,1,ego_entered_before_target_clearance,1,0,0,0,7.000000104308128,0.8175724835442034,3.9659520357408287,0.14893617021276595,0.10868207219166666,5.9359877879842164,1.3782680589124106,FAIL,Required policy solver_failure_frac=0.149 exceeds 0.050,141,133,125,0,26,0,141,120,0,0.9432624113475178,0.0,0.0,0.851063829787234,0.0
off,Authority off,P_star,Transformer-adapted MultiPath,adaptive,Adaptive,127,8.160775432779605,1.9981926688404101,1,0,0,1,1,ego_entered_before_target_clearance,1,0,0,1,6.850000102072954,0.0,3.0739298419579413,0.15942028985507245,0.10641705527586207,4.713762296336575,0.6287594047521823,FAIL,"Footprint collision with target_2: 0.25s, center dmin=3.074m | Required policy solver_failure_frac=0.159 exceeds 0.050",138,132,124,0,25,0,138,116,0,0.9565217391304348,0.0,0.0,0.8405797101449275,0.0
off,Authority off,P_star,Transformer-adapted MultiPath,adaptive,Adaptive,128,9.709431408440656,-1.0392541658079462,1,0,0,1,1,ego_entered_before_target_clearance,1,0,0,0,6.850000102072954,0.40644337173260386,3.6346914446519234,0.15217391304347827,0.10349743355555557,5.572279306418508,1.1073885053044268,FAIL,Required policy solver_failure_frac=0.152 exceeds 0.050,138,133,127,0,26,0,138,117,0,0.9637681159420289,0.0,0.0,0.8478260869565217,0.0
off,Authority off,P_star,Transformer-adapted MultiPath,adaptive,Adaptive,129,8.289354794742726,-1.8591227838987705,1,1,1,1,1,ego_never_entered_conflict_zone,0,0,1,0,7.550000112503767,2.832569575346981,5.441146448234887,0.039473684210526314,0.11209341037671233,5.464348994455725,1.1692174634134123,PASS,,152,127,117,0,26,0,152,146,0,0.8355263157894737,0.0,0.0,0.9605263157894737,0.0
off,Authority off,P_star,Transformer-adapted MultiPath,adaptive,Adaptive,130,8.358482155458335,-1.909616548833755,1,1,1,1,1,ego_never_entered_conflict_zone,0,0,1,0,7.550000112503767,2.8157544782230683,5.403000099854877,0.039473684210526314,0.10602213535616438,5.602383193061654,1.3463463694499231,PASS,,152,127,117,0,26,0,152,146,0,0.8355263157894737,0.0,0.0,0.9605263157894737,0.0
off,Authority off,P_star,Transformer-adapted MultiPath,fixed_medium,Fixed medium,126,9.834648303069205,-1.8254717304050727,1,0,0,1,1,ego_entered_before_target_clearance,1,0,0,0,7.1500001065433025,0.8213869455285302,3.966438957469651,0.14583333333333334,0.08425486280487807,5.728698528803409,1.3112243916089783,FAIL,Required policy solver_failure_frac=0.146 exceeds 0.050,144,133,125,0,26,0,144,123,0,0.9236111111111112,0.0,0.0,0.8541666666666666,0.0
off,Authority off,P_star,Transformer-adapted MultiPath,fixed_medium,Fixed medium,127,8.160775432779605,1.9981926688404101,1,0,0,1,1,ego_entered_before_target_clearance,1,0,0,1,6.95000010356307,0.0,3.1623621659976004,0.15714285714285714,0.1308224726355932,4.661472706711001,0.14404153676053602,FAIL,"Footprint collision with target_2: 0.15s, center dmin=3.162m | Required policy solver_failure_frac=0.157 exceeds 0.050",140,132,124,0,25,0,140,118,0,0.9428571428571428,0.0,0.0,0.8428571428571429,0.0
off,Authority off,P_star,Transformer-adapted MultiPath,fixed_medium,Fixed medium,128,9.709431408440656,-1.0392541658079462,1,0,0,1,1,ego_entered_before_target_clearance,1,0,0,0,6.95000010356307,0.36948226829309194,3.607848196622769,0.15,0.08470532085714287,5.402112329728326,0.49537923969736963,FAIL,Required policy solver_failure_frac=0.150 exceeds 0.050,140,133,127,0,26,0,140,119,0,0.95,0.0,0.0,0.85,0.0
off,Authority off,P_star,Transformer-adapted MultiPath,fixed_medium,Fixed medium,129,8.289354794742726,-1.8591227838987705,1,1,1,1,1,ego_never_entered_conflict_zone,0,0,1,0,7.550000112503767,2.832977200256979,5.457181832339713,0.039473684210526314,0.08482028834246576,5.452995995593859,0.8602097149187795,PASS,,152,127,117,0,26,0,152,146,0,0.8355263157894737,0.0,0.0,0.9605263157894737,0.0
off,Authority off,P_star,Transformer-adapted MultiPath,fixed_medium,Fixed medium,130,8.358482155458335,-1.909616548833755,1,1,1,1,1,ego_never_entered_conflict_zone,0,0,1,0,7.450000111013651,2.8085393270646257,5.409984982040113,0.04,0.09524906458333333,5.476953297357983,1.3359102677444346,PASS,,150,127,117,0,26,0,150,144,0,0.8466666666666667,0.0,0.0,0.96,0.0
